{"type":"FeatureCollection","features":[{"type":"Feature","id":"michi_0001","properties":{"id":"michi_0001","name":"なとわ・えさん","pref":"北海道"},"geometry":{"type":"Point","coordinates":[141.10163,41.779487]}},{"type":"Feature","id":"michi_0002","properties":{"id":"michi_0002","name":"縄文ロマン 南かやべ","pref":"北海道"},"geometry":{"type":"Point","coordinates":[140.94475,41.927921]}},{"type":"Feature","id":"michi_0003","properties":{"id":"michi_0003","name":"あさひかわ","pref":"北海道"},"geometry":{"type":"Point","coordinates":[142.348446,43.76]}},{"type":"Feature","id":"michi_0004","properties":{"id":"michi_0004","name":"みたら室蘭","pref":"北海道"},"geometry":{"type":"Point","coordinates":[140.943745,42.342012]}},{"type":"Feature","id":"michi_0005","properties":{"id":"michi_0005","name":"阿寒丹頂の里","pref":"北海道"},"geometry":{"type":"Point","coordinates":[144.146957,43.14402]}},{"type":"Feature","id":"michi_0006","properties":{"id":"michi_0006","name":"おんねゆ温泉","pref":"北海道"},"geometry":{"type":"Point","coordinates":[143.500531,43.754644]}},{"type":"Feature","id":"michi_0007","properties":{"id":"michi_0007","name":"夕張メロード","pref":"北海道"},"geometry":{"type":"Point","coordinates":[142.038078,42.93699]}},{"type":"Feature","id":"michi_0008","properties":{"id":"michi_0008","name":"流氷街道網走","pref":"北海道"},"geometry":{"type":"Point","coordinates":[144.273893,44.022034]}},{"type":"Feature","id":"michi_0009","properties":{"id":"michi_0009","name":"ウトナイ湖","pref":"北海道"},"geometry":{"type":"Point","coordinates":[141.694649,42.699951]}},{"type":"Feature","id":"michi_0010","properties":{"id":"michi_0010","name":"わっかない","pref":"北海道"},"geometry":{"type":"Point","coordinates":[141.677348,45.41725]}},{"type":"Feature","id":"michi_0011","properties":{"id":"michi_0011","name":"スタープラザ 芦別","pref":"北海道"},"geometry":{"type":"Point","coordinates":[142.188894,43.525518]}},{"type":"Feature","id":"michi_0012","properties":{"id":"michi_0012","name":"オホーツク紋別","pref":"北海道"},"geometry":{"type":"Point","coordinates":[143.375004,44.328341]}},{"type":"Feature","id":"michi_0013","properties":{"id":"michi_0013","name":"もち米の里☆なよろ","pref":"北海道"},"geometry":{"type":"Point","coordinates":[142.413772,44.287419]}},{"type":"Feature","id":"michi_0014","properties":{"id":"michi_0014","name":"三笠","pref":"北海道"},"geometry":{"type":"Point","coordinates":[141.80455,43.246601]}},{"type":"Feature","id":"michi_0015","properties":{"id":"michi_0015","name":"スワン44ねむろ","pref":"北海道"},"geometry":{"type":"Point","coordinates":[145.43837,43.261674]}},{"type":"Feature","id":"michi_0016","properties":{"id":"michi_0016","name":"サーモンパーク千歳","pref":"北海道"},"geometry":{"type":"Point","coordinates":[141.65933,42.833788]}},{"type":"Feature","id":"michi_0017","properties":{"id":"michi_0017","name":"たきかわ","pref":"北海道"},"geometry":{"type":"Point","coordinates":[141.941478,43.62344]}},{"type":"Feature","id":"michi_0018","properties":{"id":"michi_0018","name":"うたしないチロルの湯","pref":"北海道"},"geometry":{"type":"Point","coordinates":[142.004244,43.503388]}},{"type":"Feature","id":"michi_0019","properties":{"id":"michi_0019","name":"ライスランドふかがわ","pref":"北海道"},"geometry":{"type":"Point","coordinates":[142.070593,43.699483]}},{"type":"Feature","id":"michi_0020","properties":{"id":"michi_0020","name":"花ロードえにわ","pref":"北海道"},"geometry":{"type":"Point","coordinates":[141.585675,42.897235]}},{"type":"Feature","id":"michi_0021","properties":{"id":"michi_0021","name":"フォーレスト276大滝","pref":"北海道"},"geometry":{"type":"Point","coordinates":[141.130367,42.698064]}},{"type":"Feature","id":"michi_0022","properties":{"id":"michi_0022","name":"だて歴史の杜","pref":"北海道"},"geometry":{"type":"Point","coordinates":[140.8771,42.471721]}},{"type":"Feature","id":"michi_0023","properties":{"id":"michi_0023","name":"石狩「あいろーど厚田」","pref":"北海道"},"geometry":{"type":"Point","coordinates":[141.43118,43.403873]}},{"type":"Feature","id":"michi_0024","properties":{"id":"michi_0024","name":"北欧の風 道の駅とうべつ","pref":"北海道"},"geometry":{"type":"Point","coordinates":[141.448498,43.177254]}},{"type":"Feature","id":"michi_0025","properties":{"id":"michi_0025","name":"しんしのつ","pref":"北海道"},"geometry":{"type":"Point","coordinates":[141.642701,43.214116]}},{"type":"Feature","id":"michi_0026","properties":{"id":"michi_0026","name":"北前船 松前","pref":"北海道"},"geometry":{"type":"Point","coordinates":[140.107232,41.426515]}},{"type":"Feature","id":"michi_0027","properties":{"id":"michi_0027","name":"横綱の里ふくしま","pref":"北海道"},"geometry":{"type":"Point","coordinates":[140.255731,41.479134]}},{"type":"Feature","id":"michi_0028","properties":{"id":"michi_0028","name":"しりうち","pref":"北海道"},"geometry":{"type":"Point","coordinates":[140.335834,41.601259]}},{"type":"Feature","id":"michi_0029","properties":{"id":"michi_0029","name":"みそぎの郷 きこない","pref":"北海道"},"geometry":{"type":"Point","coordinates":[140.435363,41.678052]}},{"type":"Feature","id":"michi_0030","properties":{"id":"michi_0030","name":"なないろ・ななえ","pref":"北海道"},"geometry":{"type":"Point","coordinates":[140.655973,41.925666]}},{"type":"Feature","id":"michi_0031","properties":{"id":"michi_0031","name":"しかべ間歇泉公園","pref":"北海道"},"geometry":{"type":"Point","coordinates":[140.830553,42.028522]}},{"type":"Feature","id":"michi_0032","properties":{"id":"michi_0032","name":"YOU･遊･もり","pref":"北海道"},"geometry":{"type":"Point","coordinates":[140.568716,42.098901]}},{"type":"Feature","id":"michi_0033","properties":{"id":"michi_0033","name":"つど〜る・プラザ・さわら","pref":"北海道"},"geometry":{"type":"Point","coordinates":[140.667336,42.125311]}},{"type":"Feature","id":"michi_0034","properties":{"id":"michi_0034","name":"江差","pref":"北海道"},"geometry":{"type":"Point","coordinates":[140.139289,41.894342]}},{"type":"Feature","id":"michi_0035","properties":{"id":"michi_0035","name":"上ノ国もんじゅ","pref":"北海道"},"geometry":{"type":"Point","coordinates":[140.094966,41.808496]}},{"type":"Feature","id":"michi_0036","properties":{"id":"michi_0036","name":"あっさぶ","pref":"北海道"},"geometry":{"type":"Point","coordinates":[140.216154,41.916573]}},{"type":"Feature","id":"michi_0037","properties":{"id":"michi_0037","name":"ルート229元和台","pref":"北海道"},"geometry":{"type":"Point","coordinates":[140.106219,42.011397]}},{"type":"Feature","id":"michi_0038","properties":{"id":"michi_0038","name":"てっくいランド大成","pref":"北海道"},"geometry":{"type":"Point","coordinates":[139.876681,42.212366]}},{"type":"Feature","id":"michi_0039","properties":{"id":"michi_0039","name":"よってけ！島牧","pref":"北海道"},"geometry":{"type":"Point","coordinates":[140.013417,42.686727]}},{"type":"Feature","id":"michi_0040","properties":{"id":"michi_0040","name":"みなとま〜れ寿都","pref":"北海道"},"geometry":{"type":"Point","coordinates":[140.231824,42.795534]}},{"type":"Feature","id":"michi_0041","properties":{"id":"michi_0041","name":"くろまつない","pref":"北海道"},"geometry":{"type":"Point","coordinates":[140.380034,42.672709]}},{"type":"Feature","id":"michi_0042","properties":{"id":"michi_0042","name":"らんこし・ふるさとの丘","pref":"北海道"},"geometry":{"type":"Point","coordinates":[140.478985,42.762099]}},{"type":"Feature","id":"michi_0043","properties":{"id":"michi_0043","name":"シェルプラザ・港","pref":"北海道"},"geometry":{"type":"Point","coordinates":[140.370027,42.880182]}},{"type":"Feature","id":"michi_0044","properties":{"id":"michi_0044","name":"ニセコビュープラザ","pref":"北海道"},"geometry":{"type":"Point","coordinates":[140.702395,42.799492]}},{"type":"Feature","id":"michi_0045","properties":{"id":"michi_0045","name":"真狩フラワーセンター","pref":"北海道"},"geometry":{"type":"Point","coordinates":[140.807705,42.762321]}},{"type":"Feature","id":"michi_0046","properties":{"id":"michi_0046","name":"230ルスツ","pref":"北海道"},"geometry":{"type":"Point","coordinates":[140.884563,42.739929]}},{"type":"Feature","id":"michi_0047","properties":{"id":"michi_0047","name":"望羊中山","pref":"北海道"},"geometry":{"type":"Point","coordinates":[141.096589,42.855177]}},{"type":"Feature","id":"michi_0048","properties":{"id":"michi_0048","name":"名水の郷きょうごく","pref":"北海道"},"geometry":{"type":"Point","coordinates":[140.870902,42.858907]}},{"type":"Feature","id":"michi_0049","properties":{"id":"michi_0049","name":"いわない","pref":"北海道"},"geometry":{"type":"Point","coordinates":[140.51678,42.983435]}},{"type":"Feature","id":"michi_0050","properties":{"id":"michi_0050","name":"オスコイ！かもえない","pref":"北海道"},"geometry":{"type":"Point","coordinates":[140.385569,43.165359]}},{"type":"Feature","id":"michi_0051","properties":{"id":"michi_0051","name":"スペース・アップルよいち","pref":"北海道"},"geometry":{"type":"Point","coordinates":[140.788781,43.188538]}},{"type":"Feature","id":"michi_0052","properties":{"id":"michi_0052","name":"あかいがわ","pref":"北海道"},"geometry":{"type":"Point","coordinates":[140.844843,43.050868]}},{"type":"Feature","id":"michi_0053","properties":{"id":"michi_0053","name":"ハウスヤルビ奈井江","pref":"北海道"},"geometry":{"type":"Point","coordinates":[141.888802,43.433272]}},{"type":"Feature","id":"michi_0054","properties":{"id":"michi_0054","name":"マオイの丘公園","pref":"北海道"},"geometry":{"type":"Point","coordinates":[141.716616,42.94998]}},{"type":"Feature","id":"michi_0055","properties":{"id":"michi_0055","name":"つるぬま","pref":"北海道"},"geometry":{"type":"Point","coordinates":[141.835718,43.451601]}},{"type":"Feature","id":"michi_0056","properties":{"id":"michi_0056","name":"鐘のなるまち・ちっぷべつ","pref":"北海道"},"geometry":{"type":"Point","coordinates":[141.965963,43.764831]}},{"type":"Feature","id":"michi_0057","properties":{"id":"michi_0057","name":"田園の里うりゅう","pref":"北海道"},"geometry":{"type":"Point","coordinates":[141.894022,43.662509]}},{"type":"Feature","id":"michi_0058","properties":{"id":"michi_0058","name":"サンフラワー北竜","pref":"北海道"},"geometry":{"type":"Point","coordinates":[141.875302,43.751048]}},{"type":"Feature","id":"michi_0059","properties":{"id":"michi_0059","name":"とうま","pref":"北海道"},"geometry":{"type":"Point","coordinates":[142.4895,43.844134]}},{"type":"Feature","id":"michi_0060","properties":{"id":"michi_0060","name":"ひがしかわ「道草館」","pref":"北海道"},"geometry":{"type":"Point","coordinates":[142.508814,43.697305]}},{"type":"Feature","id":"michi_0061","properties":{"id":"michi_0061","name":"びえい「丘のくら」","pref":"北海道"},"geometry":{"type":"Point","coordinates":[142.463786,43.592125]}},{"type":"Feature","id":"michi_0062","properties":{"id":"michi_0062","name":"白金ビルケ","pref":"北海道"},"geometry":{"type":"Point","coordinates":[142.597223,43.503056]}},{"type":"Feature","id":"michi_0063","properties":{"id":"michi_0063","name":"南ふらの","pref":"北海道"},"geometry":{"type":"Point","coordinates":[142.572798,43.169701]}},{"type":"Feature","id":"michi_0064","properties":{"id":"michi_0064","name":"自然体感しむかっぷ","pref":"北海道"},"geometry":{"type":"Point","coordinates":[142.39758,42.978859]}},{"type":"Feature","id":"michi_0065","properties":{"id":"michi_0065","name":"絵本の里けんぶち","pref":"北海道"},"geometry":{"type":"Point","coordinates":[142.39098,44.093831]}},{"type":"Feature","id":"michi_0066","properties":{"id":"michi_0066","name":"びふか","pref":"北海道"},"geometry":{"type":"Point","coordinates":[142.320033,44.558858]}},{"type":"Feature","id":"michi_0067","properties":{"id":"michi_0067","name":"おといねっぷ","pref":"北海道"},"geometry":{"type":"Point","coordinates":[142.257872,44.729078]}},{"type":"Feature","id":"michi_0068","properties":{"id":"michi_0068","name":"なかがわ","pref":"北海道"},"geometry":{"type":"Point","coordinates":[142.067348,44.801691]}},{"type":"Feature","id":"michi_0069","properties":{"id":"michi_0069","name":"森と湖の里ほろかない","pref":"北海道"},"geometry":{"type":"Point","coordinates":[142.139546,44.114633]}},{"type":"Feature","id":"michi_0070","properties":{"id":"michi_0070","name":"おびら鰊番屋","pref":"北海道"},"geometry":{"type":"Point","coordinates":[141.654956,44.137022]}},{"type":"Feature","id":"michi_0071","properties":{"id":"michi_0071","name":"風Ｗとままえ","pref":"北海道"},"geometry":{"type":"Point","coordinates":[141.656472,44.313303]}},{"type":"Feature","id":"michi_0072","properties":{"id":"michi_0072","name":"ほっと?はぼろ","pref":"北海道"},"geometry":{"type":"Point","coordinates":[141.706577,44.367332]}},{"type":"Feature","id":"michi_0073","properties":{"id":"michi_0073","name":"☆ロマン街道しょさんべつ","pref":"北海道"},"geometry":{"type":"Point","coordinates":[141.776818,44.563504]}},{"type":"Feature","id":"michi_0074","properties":{"id":"michi_0074","name":"富士見","pref":"北海道"},"geometry":{"type":"Point","coordinates":[141.793647,44.71412]}},{"type":"Feature","id":"michi_0075","properties":{"id":"michi_0075","name":"てしお","pref":"北海道"},"geometry":{"type":"Point","coordinates":[141.747755,44.884572]}},{"type":"Feature","id":"michi_0076","properties":{"id":"michi_0076","name":"さるふつ公園","pref":"北海道"},"geometry":{"type":"Point","coordinates":[142.177348,45.329219]}},{"type":"Feature","id":"michi_0077","properties":{"id":"michi_0077","name":"ピンネシリ","pref":"北海道"},"geometry":{"type":"Point","coordinates":[142.213402,44.877462]}},{"type":"Feature","id":"michi_0078","properties":{"id":"michi_0078","name":"マリーンアイランド岡島","pref":"北海道"},"geometry":{"type":"Point","coordinates":[142.631813,44.878376]}},{"type":"Feature","id":"michi_0079","properties":{"id":"michi_0079","name":"ぐるっとパノラマ美幌峠","pref":"北海道"},"geometry":{"type":"Point","coordinates":[144.24901,43.647837]}},{"type":"Feature","id":"michi_0080","properties":{"id":"michi_0080","name":"あいおい","pref":"北海道"},"geometry":{"type":"Point","coordinates":[143.980525,43.545622]}},{"type":"Feature","id":"michi_0081","properties":{"id":"michi_0081","name":"うとろ・シリエトク","pref":"北海道"},"geometry":{"type":"Point","coordinates":[144.990668,44.069073]}},{"type":"Feature","id":"michi_0082","properties":{"id":"michi_0082","name":"しゃり","pref":"北海道"},"geometry":{"type":"Point","coordinates":[144.664214,43.911771]}},{"type":"Feature","id":"michi_0083","properties":{"id":"michi_0083","name":"パパスランドさっつる","pref":"北海道"},"geometry":{"type":"Point","coordinates":[144.533995,43.790459]}},{"type":"Feature","id":"michi_0084","properties":{"id":"michi_0084","name":"はなやか（葉菜野花）小清水","pref":"北海道"},"geometry":{"type":"Point","coordinates":[144.453268,43.933921]}},{"type":"Feature","id":"michi_0085","properties":{"id":"michi_0085","name":"サロマ湖","pref":"北海道"},"geometry":{"type":"Point","coordinates":[143.824142,44.099918]}},{"type":"Feature","id":"michi_0086","properties":{"id":"michi_0086","name":"まるせっぷ","pref":"北海道"},"geometry":{"type":"Point","coordinates":[143.328723,43.995941]}},{"type":"Feature","id":"michi_0087","properties":{"id":"michi_0087","name":"しらたき","pref":"北海道"},"geometry":{"type":"Point","coordinates":[143.076278,43.870061]}},{"type":"Feature","id":"michi_0088","properties":{"id":"michi_0088","name":"かみゆうべつ温泉チューリップの湯","pref":"北海道"},"geometry":{"type":"Point","coordinates":[143.595699,44.185182]}},{"type":"Feature","id":"michi_0089","properties":{"id":"michi_0089","name":"愛ランド湧別","pref":"北海道"},"geometry":{"type":"Point","coordinates":[143.719206,44.13082]}},{"type":"Feature","id":"michi_0090","properties":{"id":"michi_0090","name":"香りの里たきのうえ","pref":"北海道"},"geometry":{"type":"Point","coordinates":[143.090986,44.19689]}},{"type":"Feature","id":"michi_0091","properties":{"id":"michi_0091","name":"おこっぺ","pref":"北海道"},"geometry":{"type":"Point","coordinates":[143.116955,44.469498]}},{"type":"Feature","id":"michi_0092","properties":{"id":"michi_0092","name":"にしおこっぺ花夢","pref":"北海道"},"geometry":{"type":"Point","coordinates":[142.868068,44.335988]}},{"type":"Feature","id":"michi_0093","properties":{"id":"michi_0093","name":"おうむ","pref":"北海道"},"geometry":{"type":"Point","coordinates":[142.959733,44.583037]}},{"type":"Feature","id":"michi_0094","properties":{"id":"michi_0094","name":"メルヘンの丘めまんべつ","pref":"北海道"},"geometry":{"type":"Point","coordinates":[144.188488,43.917336]}},{"type":"Feature","id":"michi_0095","properties":{"id":"michi_0095","name":"ノンキーランド ひがしもこと","pref":"北海道"},"geometry":{"type":"Point","coordinates":[144.294951,43.845319]}},{"type":"Feature","id":"michi_0096","properties":{"id":"michi_0096","name":"とようら","pref":"北海道"},"geometry":{"type":"Point","coordinates":[140.722382,42.577551]}},{"type":"Feature","id":"michi_0097","properties":{"id":"michi_0097","name":"そうべつ情報館ｉ（アイ）","pref":"北海道"},"geometry":{"type":"Point","coordinates":[140.899048,42.559133]}},{"type":"Feature","id":"michi_0098","properties":{"id":"michi_0098","name":"あぷた","pref":"北海道"},"geometry":{"type":"Point","coordinates":[140.778736,42.528998]}},{"type":"Feature","id":"michi_0099","properties":{"id":"michi_0099","name":"とうや湖","pref":"北海道"},"geometry":{"type":"Point","coordinates":[140.82182,42.664511]}},{"type":"Feature","id":"michi_0100","properties":{"id":"michi_0100","name":"むかわ四季の館","pref":"北海道"},"geometry":{"type":"Point","coordinates":[141.925464,42.573973]}},{"type":"Feature","id":"michi_0101","properties":{"id":"michi_0101","name":"樹海ロード日高","pref":"北海道"},"geometry":{"type":"Point","coordinates":[142.442007,42.87679]}},{"type":"Feature","id":"michi_0102","properties":{"id":"michi_0102","name":"サラブレッドロード新冠","pref":"北海道"},"geometry":{"type":"Point","coordinates":[142.315691,42.359836]}},{"type":"Feature","id":"michi_0103","properties":{"id":"michi_0103","name":"みついし","pref":"北海道"},"geometry":{"type":"Point","coordinates":[142.634226,42.220874]}},{"type":"Feature","id":"michi_0104","properties":{"id":"michi_0104","name":"おとふけ","pref":"北海道"},"geometry":{"type":"Point","coordinates":[143.207419,42.976584]}},{"type":"Feature","id":"michi_0105","properties":{"id":"michi_0105","name":"ピア21しほろ","pref":"北海道"},"geometry":{"type":"Point","coordinates":[143.239276,43.144312]}},{"type":"Feature","id":"michi_0106","properties":{"id":"michi_0106","name":"しほろ温泉","pref":"北海道"},"geometry":{"type":"Point","coordinates":[143.367911,43.138881]}},{"type":"Feature","id":"michi_0107","properties":{"id":"michi_0107","name":"しかおい","pref":"北海道"},"geometry":{"type":"Point","coordinates":[142.990276,43.097713]}},{"type":"Feature","id":"michi_0108","properties":{"id":"michi_0108","name":"うりまく","pref":"北海道"},"geometry":{"type":"Point","coordinates":[143.025023,43.169747]}},{"type":"Feature","id":"michi_0109","properties":{"id":"michi_0109","name":"なかさつない","pref":"北海道"},"geometry":{"type":"Point","coordinates":[143.126839,42.69214]}},{"type":"Feature","id":"michi_0110","properties":{"id":"michi_0110","name":"さらべつ","pref":"北海道"},"geometry":{"type":"Point","coordinates":[143.271848,42.633311]}},{"type":"Feature","id":"michi_0111","properties":{"id":"michi_0111","name":"コスモール大樹","pref":"北海道"},"geometry":{"type":"Point","coordinates":[143.273259,42.489824]}},{"type":"Feature","id":"michi_0112","properties":{"id":"michi_0112","name":"忠類","pref":"北海道"},"geometry":{"type":"Point","coordinates":[143.299194,42.558862]}},{"type":"Feature","id":"michi_0113","properties":{"id":"michi_0113","name":"ステラ★ほんべつ","pref":"北海道"},"geometry":{"type":"Point","coordinates":[143.61325,43.125634]}},{"type":"Feature","id":"michi_0114","properties":{"id":"michi_0114","name":"足寄湖","pref":"北海道"},"geometry":{"type":"Point","coordinates":[143.480611,43.252265]}},{"type":"Feature","id":"michi_0115","properties":{"id":"michi_0115","name":"あしょろ銀河ホール21","pref":"北海道"},"geometry":{"type":"Point","coordinates":[143.546455,43.244332]}},{"type":"Feature","id":"michi_0116","properties":{"id":"michi_0116","name":"オーロラタウン93りくべつ","pref":"北海道"},"geometry":{"type":"Point","coordinates":[143.742367,43.467863]}},{"type":"Feature","id":"michi_0117","properties":{"id":"michi_0117","name":"うらほろ","pref":"北海道"},"geometry":{"type":"Point","coordinates":[143.663657,42.813998]}},{"type":"Feature","id":"michi_0118","properties":{"id":"michi_0118","name":"厚岸グルメパーク","pref":"北海道"},"geometry":{"type":"Point","coordinates":[144.844018,43.05767]}},{"type":"Feature","id":"michi_0119","properties":{"id":"michi_0119","name":"摩周温泉","pref":"北海道"},"geometry":{"type":"Point","coordinates":[144.447719,43.492391]}},{"type":"Feature","id":"michi_0120","properties":{"id":"michi_0120","name":"しらぬか恋問","pref":"北海道"},"geometry":{"type":"Point","coordinates":[144.198127,42.992735]}},{"type":"Feature","id":"michi_0121","properties":{"id":"michi_0121","name":"おだいとう","pref":"北海道"},"geometry":{"type":"Point","coordinates":[145.236876,43.533413]}},{"type":"Feature","id":"michi_0122","properties":{"id":"michi_0122","name":"知床・らうす","pref":"北海道"},"geometry":{"type":"Point","coordinates":[145.192089,44.017454]}},{"type":"Feature","id":"michi_0123","properties":{"id":"michi_0123","name":"なみおか","pref":"青森県"},"geometry":{"type":"Point","coordinates":[140.579519,40.717928]}},{"type":"Feature","id":"michi_0124","properties":{"id":"michi_0124","name":"浅虫温泉","pref":"青森県"},"geometry":{"type":"Point","coordinates":[140.86137,40.891692]}},{"type":"Feature","id":"michi_0125","properties":{"id":"michi_0125","name":"ひろさき","pref":"青森県"},"geometry":{"type":"Point","coordinates":[140.548795,40.554752]}},{"type":"Feature","id":"michi_0126","properties":{"id":"michi_0126","name":"なんごう","pref":"青森県"},"geometry":{"type":"Point","coordinates":[141.43043,40.406785]}},{"type":"Feature","id":"michi_0127","properties":{"id":"michi_0127","name":"虹の湖","pref":"青森県"},"geometry":{"type":"Point","coordinates":[140.687643,40.581966]}},{"type":"Feature","id":"michi_0128","properties":{"id":"michi_0128","name":"十三湖高原","pref":"青森県"},"geometry":{"type":"Point","coordinates":[140.385462,41.045391]}},{"type":"Feature","id":"michi_0129","properties":{"id":"michi_0129","name":"奥入瀬","pref":"青森県"},"geometry":{"type":"Point","coordinates":[141.117434,40.586204]}},{"type":"Feature","id":"michi_0130","properties":{"id":"michi_0130","name":"とわだ","pref":"青森県"},"geometry":{"type":"Point","coordinates":[141.264612,40.574645]}},{"type":"Feature","id":"michi_0131","properties":{"id":"michi_0131","name":"みさわ","pref":"青森県"},"geometry":{"type":"Point","coordinates":[141.363895,40.785414]}},{"type":"Feature","id":"michi_0132","properties":{"id":"michi_0132","name":"わきのさわ","pref":"青森県"},"geometry":{"type":"Point","coordinates":[140.80477,41.167961]}},{"type":"Feature","id":"michi_0133","properties":{"id":"michi_0133","name":"かわうち湖","pref":"青森県"},"geometry":{"type":"Point","coordinates":[140.888219,41.270398]}},{"type":"Feature","id":"michi_0134","properties":{"id":"michi_0134","name":"もりた","pref":"青森県"},"geometry":{"type":"Point","coordinates":[140.322251,40.784406]}},{"type":"Feature","id":"michi_0135","properties":{"id":"michi_0135","name":"いかりがせき","pref":"青森県"},"geometry":{"type":"Point","coordinates":[140.623165,40.481558]}},{"type":"Feature","id":"michi_0136","properties":{"id":"michi_0136","name":"いまべつ","pref":"青森県"},"geometry":{"type":"Point","coordinates":[140.514335,41.145511]}},{"type":"Feature","id":"michi_0137","properties":{"id":"michi_0137","name":"みんまや","pref":"青森県"},"geometry":{"type":"Point","coordinates":[140.346791,41.253834]}},{"type":"Feature","id":"michi_0138","properties":{"id":"michi_0138","name":"たいらだて","pref":"青森県"},"geometry":{"type":"Point","coordinates":[140.641197,41.174837]}},{"type":"Feature","id":"michi_0139","properties":{"id":"michi_0139","name":"ふかうら","pref":"青森県"},"geometry":{"type":"Point","coordinates":[140.000469,40.744223]}},{"type":"Feature","id":"michi_0140","properties":{"id":"michi_0140","name":"津軽白神","pref":"青森県"},"geometry":{"type":"Point","coordinates":[140.300462,40.577739]}},{"type":"Feature","id":"michi_0141","properties":{"id":"michi_0141","name":"いなかだて","pref":"青森県"},"geometry":{"type":"Point","coordinates":[140.577686,40.633619]}},{"type":"Feature","id":"michi_0142","properties":{"id":"michi_0142","name":"つるた","pref":"青森県"},"geometry":{"type":"Point","coordinates":[140.442705,40.737146]}},{"type":"Feature","id":"michi_0143","properties":{"id":"michi_0143","name":"こどまり","pref":"青森県"},"geometry":{"type":"Point","coordinates":[140.320596,41.144905]}},{"type":"Feature","id":"michi_0144","properties":{"id":"michi_0144","name":"しちのへ","pref":"青森県"},"geometry":{"type":"Point","coordinates":[141.15525,40.716825]}},{"type":"Feature","id":"michi_0145","properties":{"id":"michi_0145","name":"ろくのへ","pref":"青森県"},"geometry":{"type":"Point","coordinates":[141.324727,40.606404]}},{"type":"Feature","id":"michi_0146","properties":{"id":"michi_0146","name":"よこはま","pref":"青森県"},"geometry":{"type":"Point","coordinates":[141.256588,41.083731]}},{"type":"Feature","id":"michi_0147","properties":{"id":"michi_0147","name":"おがわら湖","pref":"青森県"},"geometry":{"type":"Point","coordinates":[141.274961,40.728039]}},{"type":"Feature","id":"michi_0148","properties":{"id":"michi_0148","name":"さんのへ","pref":"青森県"},"geometry":{"type":"Point","coordinates":[141.255476,40.387808]}},{"type":"Feature","id":"michi_0149","properties":{"id":"michi_0149","name":"はしかみ","pref":"青森県"},"geometry":{"type":"Point","coordinates":[141.608433,40.458496]}},{"type":"Feature","id":"michi_0150","properties":{"id":"michi_0150","name":"しんごう","pref":"青森県"},"geometry":{"type":"Point","coordinates":[141.074445,40.431758]}},{"type":"Feature","id":"michi_0151","properties":{"id":"michi_0151","name":"区界高原","pref":"岩手県"},"geometry":{"type":"Point","coordinates":[141.35353,39.651615]}},{"type":"Feature","id":"michi_0152","properties":{"id":"michi_0152","name":"たろう","pref":"岩手県"},"geometry":{"type":"Point","coordinates":[141.965689,39.763489]}},{"type":"Feature","id":"michi_0153","properties":{"id":"michi_0153","name":"やまびこ館","pref":"岩手県"},"geometry":{"type":"Point","coordinates":[141.589162,39.648882]}},{"type":"Feature","id":"michi_0154","properties":{"id":"michi_0154","name":"みやこ","pref":"岩手県"},"geometry":{"type":"Point","coordinates":[141.969894,39.639018]}},{"type":"Feature","id":"michi_0155","properties":{"id":"michi_0155","name":"さんりく","pref":"岩手県"},"geometry":{"type":"Point","coordinates":[141.798998,39.121158]}},{"type":"Feature","id":"michi_0156","properties":{"id":"michi_0156","name":"石鳥谷","pref":"岩手県"},"geometry":{"type":"Point","coordinates":[141.142137,39.483271]}},{"type":"Feature","id":"michi_0157","properties":{"id":"michi_0157","name":"はやちね","pref":"岩手県"},"geometry":{"type":"Point","coordinates":[141.34049,39.536775]}},{"type":"Feature","id":"michi_0158","properties":{"id":"michi_0158","name":"とうわ","pref":"岩手県"},"geometry":{"type":"Point","coordinates":[141.221895,39.382437]}},{"type":"Feature","id":"michi_0159","properties":{"id":"michi_0159","name":"白樺の里やまがた","pref":"岩手県"},"geometry":{"type":"Point","coordinates":[141.573518,40.150939]}},{"type":"Feature","id":"michi_0160","properties":{"id":"michi_0160","name":"くじ","pref":"岩手県"},"geometry":{"type":"Point","coordinates":[141.764639,40.189888]}},{"type":"Feature","id":"michi_0161","properties":{"id":"michi_0161","name":"みやもり","pref":"岩手県"},"geometry":{"type":"Point","coordinates":[141.351304,39.346052]}},{"type":"Feature","id":"michi_0162","properties":{"id":"michi_0162","name":"遠野風の丘","pref":"岩手県"},"geometry":{"type":"Point","coordinates":[141.501123,39.330925]}},{"type":"Feature","id":"michi_0163","properties":{"id":"michi_0163","name":"厳美渓","pref":"岩手県"},"geometry":{"type":"Point","coordinates":[141.052885,38.946439]}},{"type":"Feature","id":"michi_0164","properties":{"id":"michi_0164","name":"かわさき","pref":"岩手県"},"geometry":{"type":"Point","coordinates":[141.272375,38.898677]}},{"type":"Feature","id":"michi_0165","properties":{"id":"michi_0165","name":"むろね","pref":"岩手県"},"geometry":{"type":"Point","coordinates":[141.447163,38.933199]}},{"type":"Feature","id":"michi_0166","properties":{"id":"michi_0166","name":"高田松原","pref":"岩手県"},"geometry":{"type":"Point","coordinates":[141.62854,39.008465]}},{"type":"Feature","id":"michi_0167","properties":{"id":"michi_0167","name":"釜石仙人峠","pref":"岩手県"},"geometry":{"type":"Point","coordinates":[141.781682,39.253633]}},{"type":"Feature","id":"michi_0168","properties":{"id":"michi_0168","name":"にしね","pref":"岩手県"},"geometry":{"type":"Point","coordinates":[141.099379,39.879967]}},{"type":"Feature","id":"michi_0169","properties":{"id":"michi_0169","name":"みずさわ","pref":"岩手県"},"geometry":{"type":"Point","coordinates":[141.181477,39.094217]}},{"type":"Feature","id":"michi_0170","properties":{"id":"michi_0170","name":"雫石あねっこ","pref":"岩手県"},"geometry":{"type":"Point","coordinates":[140.874886,39.706412]}},{"type":"Feature","id":"michi_0171","properties":{"id":"michi_0171","name":"くずまき高原","pref":"岩手県"},"geometry":{"type":"Point","coordinates":[141.339958,39.984567]}},{"type":"Feature","id":"michi_0172","properties":{"id":"michi_0172","name":"石神の丘","pref":"岩手県"},"geometry":{"type":"Point","coordinates":[141.21381,39.968545]}},{"type":"Feature","id":"michi_0173","properties":{"id":"michi_0173","name":"紫波","pref":"岩手県"},"geometry":{"type":"Point","coordinates":[141.206417,39.555555]}},{"type":"Feature","id":"michi_0174","properties":{"id":"michi_0174","name":"錦秋湖","pref":"岩手県"},"geometry":{"type":"Point","coordinates":[140.875147,39.300719]}},{"type":"Feature","id":"michi_0175","properties":{"id":"michi_0175","name":"平泉","pref":"岩手県"},"geometry":{"type":"Point","coordinates":[141.121791,38.991816]}},{"type":"Feature","id":"michi_0176","properties":{"id":"michi_0176","name":"種山ヶ原","pref":"岩手県"},"geometry":{"type":"Point","coordinates":[141.395881,39.179837]}},{"type":"Feature","id":"michi_0177","properties":{"id":"michi_0177","name":"やまだ","pref":"岩手県"},"geometry":{"type":"Point","coordinates":[141.973205,39.436905]}},{"type":"Feature","id":"michi_0178","properties":{"id":"michi_0178","name":"いわいずみ","pref":"岩手県"},"geometry":{"type":"Point","coordinates":[141.862659,39.842305]}},{"type":"Feature","id":"michi_0179","properties":{"id":"michi_0179","name":"三田貝分校","pref":"岩手県"},"geometry":{"type":"Point","coordinates":[141.589311,39.871122]}},{"type":"Feature","id":"michi_0180","properties":{"id":"michi_0180","name":"たのはた","pref":"岩手県"},"geometry":{"type":"Point","coordinates":[141.902577,39.909617]}},{"type":"Feature","id":"michi_0181","properties":{"id":"michi_0181","name":"のだ","pref":"岩手県"},"geometry":{"type":"Point","coordinates":[141.818707,40.116105]}},{"type":"Feature","id":"michi_0182","properties":{"id":"michi_0182","name":"おりつめ","pref":"岩手県"},"geometry":{"type":"Point","coordinates":[141.416529,40.248349]}},{"type":"Feature","id":"michi_0183","properties":{"id":"michi_0183","name":"おおの","pref":"岩手県"},"geometry":{"type":"Point","coordinates":[141.663408,40.279209]}},{"type":"Feature","id":"michi_0184","properties":{"id":"michi_0184","name":"上品の郷","pref":"宮城県"},"geometry":{"type":"Point","coordinates":[141.295318,38.501033]}},{"type":"Feature","id":"michi_0185","properties":{"id":"michi_0185","name":"大谷海岸","pref":"宮城県"},"geometry":{"type":"Point","coordinates":[141.566482,38.814009]}},{"type":"Feature","id":"michi_0186","properties":{"id":"michi_0186","name":"津山","pref":"宮城県"},"geometry":{"type":"Point","coordinates":[141.325525,38.619593]}},{"type":"Feature","id":"michi_0187","properties":{"id":"michi_0187","name":"米山","pref":"宮城県"},"geometry":{"type":"Point","coordinates":[141.187891,38.627118]}},{"type":"Feature","id":"michi_0188","properties":{"id":"michi_0188","name":"林林館","pref":"宮城県"},"geometry":{"type":"Point","coordinates":[141.316076,38.742664]}},{"type":"Feature","id":"michi_0189","properties":{"id":"michi_0189","name":"みなみかた","pref":"宮城県"},"geometry":{"type":"Point","coordinates":[141.160641,38.66488]}},{"type":"Feature","id":"michi_0190","properties":{"id":"michi_0190","name":"三滝堂","pref":"宮城県"},"geometry":{"type":"Point","coordinates":[141.327823,38.70797]}},{"type":"Feature","id":"michi_0191","properties":{"id":"michi_0191","name":"路田里はなやま","pref":"宮城県"},"geometry":{"type":"Point","coordinates":[140.844319,38.794418]}},{"type":"Feature","id":"michi_0192","properties":{"id":"michi_0192","name":"三本木","pref":"宮城県"},"geometry":{"type":"Point","coordinates":[140.938388,38.521611]}},{"type":"Feature","id":"michi_0193","properties":{"id":"michi_0193","name":"あ・ら・伊達な道の駅","pref":"宮城県"},"geometry":{"type":"Point","coordinates":[140.833294,38.70744]}},{"type":"Feature","id":"michi_0194","properties":{"id":"michi_0194","name":"七ヶ宿","pref":"宮城県"},"geometry":{"type":"Point","coordinates":[140.505066,37.971123]}},{"type":"Feature","id":"michi_0195","properties":{"id":"michi_0195","name":"村田","pref":"宮城県"},"geometry":{"type":"Point","coordinates":[140.717279,38.118639]}},{"type":"Feature","id":"michi_0196","properties":{"id":"michi_0196","name":"おおさと","pref":"宮城県"},"geometry":{"type":"Point","coordinates":[140.992791,38.424053]}},{"type":"Feature","id":"michi_0197","properties":{"id":"michi_0197","name":"あきた港","pref":"秋田県"},"geometry":{"type":"Point","coordinates":[140.061005,39.752708]}},{"type":"Feature","id":"michi_0198","properties":{"id":"michi_0198","name":"ふたつい","pref":"秋田県"},"geometry":{"type":"Point","coordinates":[140.260873,40.21843]}},{"type":"Feature","id":"michi_0199","properties":{"id":"michi_0199","name":"さんない","pref":"秋田県"},"geometry":{"type":"Point","coordinates":[140.625808,39.289317]}},{"type":"Feature","id":"michi_0200","properties":{"id":"michi_0200","name":"十文字","pref":"秋田県"},"geometry":{"type":"Point","coordinates":[140.521447,39.226174]}},{"type":"Feature","id":"michi_0201","properties":{"id":"michi_0201","name":"やたて峠","pref":"秋田県"},"geometry":{"type":"Point","coordinates":[140.624429,40.421034]}},{"type":"Feature","id":"michi_0202","properties":{"id":"michi_0202","name":"ひない","pref":"秋田県"},"geometry":{"type":"Point","coordinates":[140.585214,40.219348]}},{"type":"Feature","id":"michi_0203","properties":{"id":"michi_0203","name":"おが","pref":"秋田県"},"geometry":{"type":"Point","coordinates":[139.848335,39.881945]}},{"type":"Feature","id":"michi_0204","properties":{"id":"michi_0204","name":"おがち","pref":"秋田県"},"geometry":{"type":"Point","coordinates":[140.460393,39.065139]}},{"type":"Feature","id":"michi_0205","properties":{"id":"michi_0205","name":"かづの","pref":"秋田県"},"geometry":{"type":"Point","coordinates":[140.785215,40.18184]}},{"type":"Feature","id":"michi_0206","properties":{"id":"michi_0206","name":"おおゆ","pref":"秋田県"},"geometry":{"type":"Point","coordinates":[140.82593,40.295831]}},{"type":"Feature","id":"michi_0207","properties":{"id":"michi_0207","name":"にしめ","pref":"秋田県"},"geometry":{"type":"Point","coordinates":[140.014564,39.36288]}},{"type":"Feature","id":"michi_0208","properties":{"id":"michi_0208","name":"東由利","pref":"秋田県"},"geometry":{"type":"Point","coordinates":[140.285026,39.301604]}},{"type":"Feature","id":"michi_0209","properties":{"id":"michi_0209","name":"岩城","pref":"秋田県"},"geometry":{"type":"Point","coordinates":[140.052933,39.542084]}},{"type":"Feature","id":"michi_0210","properties":{"id":"michi_0210","name":"おおうち","pref":"秋田県"},"geometry":{"type":"Point","coordinates":[140.090156,39.442884]}},{"type":"Feature","id":"michi_0211","properties":{"id":"michi_0211","name":"清水の里・鳥海郷","pref":"秋田県"},"geometry":{"type":"Point","coordinates":[140.291515,39.109541]}},{"type":"Feature","id":"michi_0212","properties":{"id":"michi_0212","name":"てんのう","pref":"秋田県"},"geometry":{"type":"Point","coordinates":[140.009563,39.856815]}},{"type":"Feature","id":"michi_0213","properties":{"id":"michi_0213","name":"しょうわ","pref":"秋田県"},"geometry":{"type":"Point","coordinates":[140.077799,39.864734]}},{"type":"Feature","id":"michi_0214","properties":{"id":"michi_0214","name":"かみおか","pref":"秋田県"},"geometry":{"type":"Point","coordinates":[140.376722,39.522147]}},{"type":"Feature","id":"michi_0215","properties":{"id":"michi_0215","name":"なかせん","pref":"秋田県"},"geometry":{"type":"Point","coordinates":[140.533182,39.53854]}},{"type":"Feature","id":"michi_0216","properties":{"id":"michi_0216","name":"協和","pref":"秋田県"},"geometry":{"type":"Point","coordinates":[140.362517,39.61884]}},{"type":"Feature","id":"michi_0217","properties":{"id":"michi_0217","name":"たかのす","pref":"秋田県"},"geometry":{"type":"Point","coordinates":[140.375856,40.251513]}},{"type":"Feature","id":"michi_0218","properties":{"id":"michi_0218","name":"あに","pref":"秋田県"},"geometry":{"type":"Point","coordinates":[140.456774,39.901824]}},{"type":"Feature","id":"michi_0219","properties":{"id":"michi_0219","name":"大館能代空港","pref":"秋田県"},"geometry":{"type":"Point","coordinates":[140.371628,40.19197]}},{"type":"Feature","id":"michi_0220","properties":{"id":"michi_0220","name":"象潟","pref":"秋田県"},"geometry":{"type":"Point","coordinates":[139.900182,39.220129]}},{"type":"Feature","id":"michi_0221","properties":{"id":"michi_0221","name":"こさか七滝","pref":"秋田県"},"geometry":{"type":"Point","coordinates":[140.781686,40.356598]}},{"type":"Feature","id":"michi_0222","properties":{"id":"michi_0222","name":"かみこあに","pref":"秋田県"},"geometry":{"type":"Point","coordinates":[140.297203,40.063515]}},{"type":"Feature","id":"michi_0223","properties":{"id":"michi_0223","name":"ことおか","pref":"秋田県"},"geometry":{"type":"Point","coordinates":[140.08035,40.022308]}},{"type":"Feature","id":"michi_0224","properties":{"id":"michi_0224","name":"はちもり","pref":"秋田県"},"geometry":{"type":"Point","coordinates":[139.948678,40.421583]}},{"type":"Feature","id":"michi_0225","properties":{"id":"michi_0225","name":"みねはま","pref":"秋田県"},"geometry":{"type":"Point","coordinates":[140.028074,40.26685]}},{"type":"Feature","id":"michi_0226","properties":{"id":"michi_0226","name":"五城目","pref":"秋田県"},"geometry":{"type":"Point","coordinates":[140.144214,39.947086]}},{"type":"Feature","id":"michi_0227","properties":{"id":"michi_0227","name":"おおがた","pref":"秋田県"},"geometry":{"type":"Point","coordinates":[139.951518,40.015349]}},{"type":"Feature","id":"michi_0228","properties":{"id":"michi_0228","name":"雁の里せんなん","pref":"秋田県"},"geometry":{"type":"Point","coordinates":[140.567568,39.378995]}},{"type":"Feature","id":"michi_0229","properties":{"id":"michi_0229","name":"うご","pref":"秋田県"},"geometry":{"type":"Point","coordinates":[140.412438,39.200532]}},{"type":"Feature","id":"michi_0230","properties":{"id":"michi_0230","name":"田沢","pref":"山形県"},"geometry":{"type":"Point","coordinates":[139.984182,37.877658]}},{"type":"Feature","id":"michi_0231","properties":{"id":"michi_0231","name":"米沢","pref":"山形県"},"geometry":{"type":"Point","coordinates":[140.137017,37.922055]}},{"type":"Feature","id":"michi_0232","properties":{"id":"michi_0232","name":"月山","pref":"山形県"},"geometry":{"type":"Point","coordinates":[139.874501,38.586994]}},{"type":"Feature","id":"michi_0233","properties":{"id":"michi_0233","name":"あつみ","pref":"山形県"},"geometry":{"type":"Point","coordinates":[139.558109,38.580422]}},{"type":"Feature","id":"michi_0234","properties":{"id":"michi_0234","name":"寒河江","pref":"山形県"},"geometry":{"type":"Point","coordinates":[140.269891,38.399013]}},{"type":"Feature","id":"michi_0235","properties":{"id":"michi_0235","name":"むらやま","pref":"山形県"},"geometry":{"type":"Point","coordinates":[140.38231,38.487146]}},{"type":"Feature","id":"michi_0236","properties":{"id":"michi_0236","name":"川のみなと長井","pref":"山形県"},"geometry":{"type":"Point","coordinates":[140.043516,38.108211]}},{"type":"Feature","id":"michi_0237","properties":{"id":"michi_0237","name":"天童温泉","pref":"山形県"},"geometry":{"type":"Point","coordinates":[140.387127,38.354481]}},{"type":"Feature","id":"michi_0238","properties":{"id":"michi_0238","name":"尾花沢","pref":"山形県"},"geometry":{"type":"Point","coordinates":[140.363688,38.656902]}},{"type":"Feature","id":"michi_0239","properties":{"id":"michi_0239","name":"河北","pref":"山形県"},"geometry":{"type":"Point","coordinates":[140.328447,38.41304]}},{"type":"Feature","id":"michi_0240","properties":{"id":"michi_0240","name":"にしかわ","pref":"山形県"},"geometry":{"type":"Point","coordinates":[140.099237,38.436059]}},{"type":"Feature","id":"michi_0241","properties":{"id":"michi_0241","name":"あさひまち","pref":"山形県"},"geometry":{"type":"Point","coordinates":[140.169257,38.327388]}},{"type":"Feature","id":"michi_0242","properties":{"id":"michi_0242","name":"おおえ","pref":"山形県"},"geometry":{"type":"Point","coordinates":[140.213291,38.367756]}},{"type":"Feature","id":"michi_0243","properties":{"id":"michi_0243","name":"とざわ","pref":"山形県"},"geometry":{"type":"Point","coordinates":[140.161431,38.728688]}},{"type":"Feature","id":"michi_0244","properties":{"id":"michi_0244","name":"たかはた","pref":"山形県"},"geometry":{"type":"Point","coordinates":[140.217442,38.006775]}},{"type":"Feature","id":"michi_0245","properties":{"id":"michi_0245","name":"白い森おぐに","pref":"山形県"},"geometry":{"type":"Point","coordinates":[139.730609,38.071956]}},{"type":"Feature","id":"michi_0246","properties":{"id":"michi_0246","name":"白鷹ヤナ公園","pref":"山形県"},"geometry":{"type":"Point","coordinates":[140.097322,38.218111]}},{"type":"Feature","id":"michi_0247","properties":{"id":"michi_0247","name":"いいで","pref":"山形県"},"geometry":{"type":"Point","coordinates":[139.994671,38.026065]}},{"type":"Feature","id":"michi_0248","properties":{"id":"michi_0248","name":"庄内みかわ","pref":"山形県"},"geometry":{"type":"Point","coordinates":[139.84633,38.782805]}},{"type":"Feature","id":"michi_0249","properties":{"id":"michi_0249","name":"しょうない","pref":"山形県"},"geometry":{"type":"Point","coordinates":[139.984412,38.794158]}},{"type":"Feature","id":"michi_0250","properties":{"id":"michi_0250","name":"鳥海","pref":"山形県"},"geometry":{"type":"Point","coordinates":[139.875583,39.060163]}},{"type":"Feature","id":"michi_0251","properties":{"id":"michi_0251","name":"つちゆ","pref":"福島県"},"geometry":{"type":"Point","coordinates":[140.334294,37.65512]}},{"type":"Feature","id":"michi_0252","properties":{"id":"michi_0252","name":"よつくら港","pref":"福島県"},"geometry":{"type":"Point","coordinates":[140.992995,37.107429]}},{"type":"Feature","id":"michi_0253","properties":{"id":"michi_0253","name":"喜多の郷","pref":"福島県"},"geometry":{"type":"Point","coordinates":[139.878264,37.701938]}},{"type":"Feature","id":"michi_0254","properties":{"id":"michi_0254","name":"そうま","pref":"福島県"},"geometry":{"type":"Point","coordinates":[140.947952,37.761109]}},{"type":"Feature","id":"michi_0255","properties":{"id":"michi_0255","name":"安達","pref":"福島県"},"geometry":{"type":"Point","coordinates":[140.483688,37.635666]}},{"type":"Feature","id":"michi_0256","properties":{"id":"michi_0256","name":"ふくしま東和","pref":"福島県"},"geometry":{"type":"Point","coordinates":[140.577349,37.569956]}},{"type":"Feature","id":"michi_0257","properties":{"id":"michi_0257","name":"さくらの郷","pref":"福島県"},"geometry":{"type":"Point","coordinates":[140.590248,37.53478]}},{"type":"Feature","id":"michi_0258","properties":{"id":"michi_0258","name":"南相馬","pref":"福島県"},"geometry":{"type":"Point","coordinates":[140.983582,37.635707]}},{"type":"Feature","id":"michi_0259","properties":{"id":"michi_0259","name":"伊達の郷 りょうぜん","pref":"福島県"},"geometry":{"type":"Point","coordinates":[140.58845,37.766524]}},{"type":"Feature","id":"michi_0260","properties":{"id":"michi_0260","name":"国見 あつかしの郷","pref":"福島県"},"geometry":{"type":"Point","coordinates":[140.545612,37.872681]}},{"type":"Feature","id":"michi_0261","properties":{"id":"michi_0261","name":"川俣","pref":"福島県"},"geometry":{"type":"Point","coordinates":[140.576693,37.667818]}},{"type":"Feature","id":"michi_0262","properties":{"id":"michi_0262","name":"羽鳥湖高原","pref":"福島県"},"geometry":{"type":"Point","coordinates":[140.063392,37.239976]}},{"type":"Feature","id":"michi_0263","properties":{"id":"michi_0263","name":"季の里天栄","pref":"福島県"},"geometry":{"type":"Point","coordinates":[140.244786,37.24366]}},{"type":"Feature","id":"michi_0264","properties":{"id":"michi_0264","name":"しもごう","pref":"福島県"},"geometry":{"type":"Point","coordinates":[139.916343,37.203539]}},{"type":"Feature","id":"michi_0265","properties":{"id":"michi_0265","name":"尾瀬檜枝岐","pref":"福島県"},"geometry":{"type":"Point","coordinates":[139.395721,37.032756]}},{"type":"Feature","id":"michi_0266","properties":{"id":"michi_0266","name":"たじま","pref":"福島県"},"geometry":{"type":"Point","coordinates":[139.727599,37.08655]}},{"type":"Feature","id":"michi_0267","properties":{"id":"michi_0267","name":"番屋","pref":"福島県"},"geometry":{"type":"Point","coordinates":[139.615486,37.068822]}},{"type":"Feature","id":"michi_0268","properties":{"id":"michi_0268","name":"きらら289","pref":"福島県"},"geometry":{"type":"Point","coordinates":[139.54266,37.221982]}},{"type":"Feature","id":"michi_0269","properties":{"id":"michi_0269","name":"裏磐梯","pref":"福島県"},"geometry":{"type":"Point","coordinates":[140.043753,37.665058]}},{"type":"Feature","id":"michi_0270","properties":{"id":"michi_0270","name":"にしあいづ","pref":"福島県"},"geometry":{"type":"Point","coordinates":[139.642595,37.585867]}},{"type":"Feature","id":"michi_0271","properties":{"id":"michi_0271","name":"ばんだい","pref":"福島県"},"geometry":{"type":"Point","coordinates":[139.986633,37.562804]}},{"type":"Feature","id":"michi_0272","properties":{"id":"michi_0272","name":"猪苗代","pref":"福島県"},"geometry":{"type":"Point","coordinates":[140.107459,37.538341]}},{"type":"Feature","id":"michi_0273","properties":{"id":"michi_0273","name":"あいづ 湯川・会津坂下","pref":"福島県"},"geometry":{"type":"Point","coordinates":[139.863136,37.556999]}},{"type":"Feature","id":"michi_0274","properties":{"id":"michi_0274","name":"会津柳津","pref":"福島県"},"geometry":{"type":"Point","coordinates":[139.722175,37.527693]}},{"type":"Feature","id":"michi_0275","properties":{"id":"michi_0275","name":"尾瀬街道みしま宿","pref":"福島県"},"geometry":{"type":"Point","coordinates":[139.670802,37.477758]}},{"type":"Feature","id":"michi_0276","properties":{"id":"michi_0276","name":"奥会津かねやま","pref":"福島県"},"geometry":{"type":"Point","coordinates":[139.530583,37.471924]}},{"type":"Feature","id":"michi_0277","properties":{"id":"michi_0277","name":"からむし織の里しょうわ","pref":"福島県"},"geometry":{"type":"Point","coordinates":[139.630139,37.325463]}},{"type":"Feature","id":"michi_0278","properties":{"id":"michi_0278","name":"はなわ","pref":"福島県"},"geometry":{"type":"Point","coordinates":[140.41452,36.950619]}},{"type":"Feature","id":"michi_0279","properties":{"id":"michi_0279","name":"たまかわ","pref":"福島県"},"geometry":{"type":"Point","coordinates":[140.418137,37.222832]}},{"type":"Feature","id":"michi_0280","properties":{"id":"michi_0280","name":"ひらた","pref":"福島県"},"geometry":{"type":"Point","coordinates":[140.560032,37.250545]}},{"type":"Feature","id":"michi_0281","properties":{"id":"michi_0281","name":"ふるどの","pref":"福島県"},"geometry":{"type":"Point","coordinates":[140.529774,37.09313]}},{"type":"Feature","id":"michi_0282","properties":{"id":"michi_0282","name":"ならは","pref":"福島県"},"geometry":{"type":"Point","coordinates":[140.997626,37.250006]}},{"type":"Feature","id":"michi_0283","properties":{"id":"michi_0283","name":"いいたて村の道の駅までい館","pref":"福島県"},"geometry":{"type":"Point","coordinates":[140.735624,37.697267]}},{"type":"Feature","id":"michi_0284","properties":{"id":"michi_0284","name":"日立おさかなセンター","pref":"茨城県"},"geometry":{"type":"Point","coordinates":[140.615194,36.492354]}},{"type":"Feature","id":"michi_0285","properties":{"id":"michi_0285","name":"まくらがの里 こが","pref":"茨城県"},"geometry":{"type":"Point","coordinates":[139.789732,36.191431]}},{"type":"Feature","id":"michi_0286","properties":{"id":"michi_0286","name":"しもつま","pref":"茨城県"},"geometry":{"type":"Point","coordinates":[139.986596,36.215841]}},{"type":"Feature","id":"michi_0287","properties":{"id":"michi_0287","name":"さとみ","pref":"茨城県"},"geometry":{"type":"Point","coordinates":[140.509682,36.705746]}},{"type":"Feature","id":"michi_0288","properties":{"id":"michi_0288","name":"ひたちおおた","pref":"茨城県"},"geometry":{"type":"Point","coordinates":[140.525476,36.510388]}},{"type":"Feature","id":"michi_0289","properties":{"id":"michi_0289","name":"いたこ","pref":"茨城県"},"geometry":{"type":"Point","coordinates":[140.589245,35.946132]}},{"type":"Feature","id":"michi_0290","properties":{"id":"michi_0290","name":"みわ","pref":"茨城県"},"geometry":{"type":"Point","coordinates":[140.280004,36.655857]}},{"type":"Feature","id":"michi_0291","properties":{"id":"michi_0291","name":"常陸大宮","pref":"茨城県"},"geometry":{"type":"Point","coordinates":[140.409616,36.596961]}},{"type":"Feature","id":"michi_0292","properties":{"id":"michi_0292","name":"たまつくり","pref":"茨城県"},"geometry":{"type":"Point","coordinates":[140.403763,36.096394]}},{"type":"Feature","id":"michi_0293","properties":{"id":"michi_0293","name":"かつら","pref":"茨城県"},"geometry":{"type":"Point","coordinates":[140.333059,36.544969]}},{"type":"Feature","id":"michi_0294","properties":{"id":"michi_0294","name":"奥久慈だいご","pref":"茨城県"},"geometry":{"type":"Point","coordinates":[140.359235,36.768585]}},{"type":"Feature","id":"michi_0295","properties":{"id":"michi_0295","name":"ごか","pref":"茨城県"},"geometry":{"type":"Point","coordinates":[139.758332,36.095277]}},{"type":"Feature","id":"michi_0296","properties":{"id":"michi_0296","name":"さかい","pref":"茨城県"},"geometry":{"type":"Point","coordinates":[139.795303,36.102676]}},{"type":"Feature","id":"michi_0297","properties":{"id":"michi_0297","name":"うつのみや ろまんちっく村","pref":"栃木県"},"geometry":{"type":"Point","coordinates":[139.831313,36.633391]}},{"type":"Feature","id":"michi_0298","properties":{"id":"michi_0298","name":"みかも","pref":"栃木県"},"geometry":{"type":"Point","coordinates":[139.625248,36.296714]}},{"type":"Feature","id":"michi_0299","properties":{"id":"michi_0299","name":"にしかた","pref":"栃木県"},"geometry":{"type":"Point","coordinates":[139.74318,36.466687]}},{"type":"Feature","id":"michi_0300","properties":{"id":"michi_0300","name":"どまんなか たぬま","pref":"栃木県"},"geometry":{"type":"Point","coordinates":[139.572073,36.343804]}},{"type":"Feature","id":"michi_0301","properties":{"id":"michi_0301","name":"湯西川","pref":"栃木県"},"geometry":{"type":"Point","coordinates":[139.686957,36.930014]}},{"type":"Feature","id":"michi_0302","properties":{"id":"michi_0302","name":"日光","pref":"栃木県"},"geometry":{"type":"Point","coordinates":[139.687888,36.724531]}},{"type":"Feature","id":"michi_0303","properties":{"id":"michi_0303","name":"思川","pref":"栃木県"},"geometry":{"type":"Point","coordinates":[139.760746,36.308182]}},{"type":"Feature","id":"michi_0304","properties":{"id":"michi_0304","name":"にのみや","pref":"栃木県"},"geometry":{"type":"Point","coordinates":[139.964996,36.367336]}},{"type":"Feature","id":"michi_0305","properties":{"id":"michi_0305","name":"那須与一の郷","pref":"栃木県"},"geometry":{"type":"Point","coordinates":[140.087378,36.863018]}},{"type":"Feature","id":"michi_0306","properties":{"id":"michi_0306","name":"やいた","pref":"栃木県"},"geometry":{"type":"Point","coordinates":[139.921615,36.805614]}},{"type":"Feature","id":"michi_0307","properties":{"id":"michi_0307","name":"湯の香しおばら","pref":"栃木県"},"geometry":{"type":"Point","coordinates":[139.89933,36.955797]}},{"type":"Feature","id":"michi_0308","properties":{"id":"michi_0308","name":"明治の森・黒磯","pref":"栃木県"},"geometry":{"type":"Point","coordinates":[139.984479,37.000375]}},{"type":"Feature","id":"michi_0309","properties":{"id":"michi_0309","name":"那須野が原博物館","pref":"栃木県"},"geometry":{"type":"Point","coordinates":[139.969139,36.899706]}},{"type":"Feature","id":"michi_0310","properties":{"id":"michi_0310","name":"きつれがわ","pref":"栃木県"},"geometry":{"type":"Point","coordinates":[140.032636,36.715499]}},{"type":"Feature","id":"michi_0311","properties":{"id":"michi_0311","name":"しもつけ","pref":"栃木県"},"geometry":{"type":"Point","coordinates":[139.883764,36.397222]}},{"type":"Feature","id":"michi_0312","properties":{"id":"michi_0312","name":"ましこ","pref":"栃木県"},"geometry":{"type":"Point","coordinates":[140.071976,36.431168]}},{"type":"Feature","id":"michi_0313","properties":{"id":"michi_0313","name":"もてぎ","pref":"栃木県"},"geometry":{"type":"Point","coordinates":[140.172858,36.527826]}},{"type":"Feature","id":"michi_0314","properties":{"id":"michi_0314","name":"サシバの里いちかい","pref":"栃木県"},"geometry":{"type":"Point","coordinates":[140.10118,36.543766]}},{"type":"Feature","id":"michi_0315","properties":{"id":"michi_0315","name":"はが","pref":"栃木県"},"geometry":{"type":"Point","coordinates":[140.058196,36.552381]}},{"type":"Feature","id":"michi_0316","properties":{"id":"michi_0316","name":"みぶ","pref":"栃木県"},"geometry":{"type":"Point","coordinates":[139.806959,36.455269]}},{"type":"Feature","id":"michi_0317","properties":{"id":"michi_0317","name":"湧水の郷しおや","pref":"栃木県"},"geometry":{"type":"Point","coordinates":[139.781407,36.764657]}},{"type":"Feature","id":"michi_0318","properties":{"id":"michi_0318","name":"那須高原友愛の森","pref":"栃木県"},"geometry":{"type":"Point","coordinates":[140.013704,37.041532]}},{"type":"Feature","id":"michi_0319","properties":{"id":"michi_0319","name":"東山道伊王野","pref":"栃木県"},"geometry":{"type":"Point","coordinates":[140.157412,36.954049]}},{"type":"Feature","id":"michi_0320","properties":{"id":"michi_0320","name":"ばとう","pref":"栃木県"},"geometry":{"type":"Point","coordinates":[140.149871,36.747602]}},{"type":"Feature","id":"michi_0321","properties":{"id":"michi_0321","name":"ぐりーんふらわー牧場・大胡","pref":"群馬県"},"geometry":{"type":"Point","coordinates":[139.136429,36.45906]}},{"type":"Feature","id":"michi_0322","properties":{"id":"michi_0322","name":"赤城の恵","pref":"群馬県"},"geometry":{"type":"Point","coordinates":[139.128456,36.423695]}},{"type":"Feature","id":"michi_0323","properties":{"id":"michi_0323","name":"ふじみ","pref":"群馬県"},"geometry":{"type":"Point","coordinates":[139.094239,36.469383]}},{"type":"Feature","id":"michi_0324","properties":{"id":"michi_0324","name":"くらぶち小栗の里","pref":"群馬県"},"geometry":{"type":"Point","coordinates":[138.79314,36.424511]}},{"type":"Feature","id":"michi_0325","properties":{"id":"michi_0325","name":"くろほね・やまびこ","pref":"群馬県"},"geometry":{"type":"Point","coordinates":[139.271991,36.491184]}},{"type":"Feature","id":"michi_0326","properties":{"id":"michi_0326","name":"おおた","pref":"群馬県"},"geometry":{"type":"Point","coordinates":[139.296421,36.264641]}},{"type":"Feature","id":"michi_0327","properties":{"id":"michi_0327","name":"白沢","pref":"群馬県"},"geometry":{"type":"Point","coordinates":[139.120031,36.661698]}},{"type":"Feature","id":"michi_0328","properties":{"id":"michi_0328","name":"おのこ","pref":"群馬県"},"geometry":{"type":"Point","coordinates":[138.952806,36.548114]}},{"type":"Feature","id":"michi_0329","properties":{"id":"michi_0329","name":"こもち","pref":"群馬県"},"geometry":{"type":"Point","coordinates":[139.016363,36.51514]}},{"type":"Feature","id":"michi_0330","properties":{"id":"michi_0330","name":"上州おにし","pref":"群馬県"},"geometry":{"type":"Point","coordinates":[139.040349,36.143093]}},{"type":"Feature","id":"michi_0331","properties":{"id":"michi_0331","name":"ららん藤岡","pref":"群馬県"},"geometry":{"type":"Point","coordinates":[139.071644,36.272136]}},{"type":"Feature","id":"michi_0332","properties":{"id":"michi_0332","name":"みょうぎ","pref":"群馬県"},"geometry":{"type":"Point","coordinates":[138.765967,36.299644]}},{"type":"Feature","id":"michi_0333","properties":{"id":"michi_0333","name":"富弘美術館","pref":"群馬県"},"geometry":{"type":"Point","coordinates":[139.372849,36.552559]}},{"type":"Feature","id":"michi_0334","properties":{"id":"michi_0334","name":"よしおか温泉","pref":"群馬県"},"geometry":{"type":"Point","coordinates":[139.035164,36.441341]}},{"type":"Feature","id":"michi_0335","properties":{"id":"michi_0335","name":"上野","pref":"群馬県"},"geometry":{"type":"Point","coordinates":[138.784106,36.080532]}},{"type":"Feature","id":"michi_0336","properties":{"id":"michi_0336","name":"万葉の里","pref":"群馬県"},"geometry":{"type":"Point","coordinates":[138.89783,36.109242]}},{"type":"Feature","id":"michi_0337","properties":{"id":"michi_0337","name":"しもにた","pref":"群馬県"},"geometry":{"type":"Point","coordinates":[138.802018,36.224036]}},{"type":"Feature","id":"michi_0338","properties":{"id":"michi_0338","name":"オアシスなんもく","pref":"群馬県"},"geometry":{"type":"Point","coordinates":[138.741708,36.178273]}},{"type":"Feature","id":"michi_0339","properties":{"id":"michi_0339","name":"甘楽","pref":"群馬県"},"geometry":{"type":"Point","coordinates":[138.916653,36.233749]}},{"type":"Feature","id":"michi_0340","properties":{"id":"michi_0340","name":"六合","pref":"群馬県"},"geometry":{"type":"Point","coordinates":[138.638618,36.607483]}},{"type":"Feature","id":"michi_0341","properties":{"id":"michi_0341","name":"霊山たけやま","pref":"群馬県"},"geometry":{"type":"Point","coordinates":[138.829756,36.608929]}},{"type":"Feature","id":"michi_0342","properties":{"id":"michi_0342","name":"八ッ場ふるさと館","pref":"群馬県"},"geometry":{"type":"Point","coordinates":[138.684273,36.547513]}},{"type":"Feature","id":"michi_0343","properties":{"id":"michi_0343","name":"草津運動茶屋公園","pref":"群馬県"},"geometry":{"type":"Point","coordinates":[138.590048,36.614528]}},{"type":"Feature","id":"michi_0344","properties":{"id":"michi_0344","name":"中山盆地","pref":"群馬県"},"geometry":{"type":"Point","coordinates":[138.954257,36.622498]}},{"type":"Feature","id":"michi_0345","properties":{"id":"michi_0345","name":"あがつま峡","pref":"群馬県"},"geometry":{"type":"Point","coordinates":[138.73569,36.57048]}},{"type":"Feature","id":"michi_0346","properties":{"id":"michi_0346","name":"尾瀬かたしな","pref":"群馬県"},"geometry":{"type":"Point","coordinates":[139.225238,36.773231]}},{"type":"Feature","id":"michi_0347","properties":{"id":"michi_0347","name":"川場田園プラザ","pref":"群馬県"},"geometry":{"type":"Point","coordinates":[139.107301,36.687042]}},{"type":"Feature","id":"michi_0348","properties":{"id":"michi_0348","name":"あぐりーむ昭和","pref":"群馬県"},"geometry":{"type":"Point","coordinates":[139.068935,36.612775]}},{"type":"Feature","id":"michi_0349","properties":{"id":"michi_0349","name":"みなかみ水紀行館","pref":"群馬県"},"geometry":{"type":"Point","coordinates":[138.96767,36.764515]}},{"type":"Feature","id":"michi_0350","properties":{"id":"michi_0350","name":"月夜野矢瀬親水公園","pref":"群馬県"},"geometry":{"type":"Point","coordinates":[138.981257,36.6976]}},{"type":"Feature","id":"michi_0351","properties":{"id":"michi_0351","name":"たくみの里","pref":"群馬県"},"geometry":{"type":"Point","coordinates":[138.90835,36.69608]}},{"type":"Feature","id":"michi_0352","properties":{"id":"michi_0352","name":"玉村宿","pref":"群馬県"},"geometry":{"type":"Point","coordinates":[139.094585,36.308334]}},{"type":"Feature","id":"michi_0353","properties":{"id":"michi_0353","name":"めぬま","pref":"埼玉県"},"geometry":{"type":"Point","coordinates":[139.369326,36.214557]}},{"type":"Feature","id":"michi_0354","properties":{"id":"michi_0354","name":"川口・あんぎょう","pref":"埼玉県"},"geometry":{"type":"Point","coordinates":[139.765769,35.848019]}},{"type":"Feature","id":"michi_0355","properties":{"id":"michi_0355","name":"あらかわ","pref":"埼玉県"},"geometry":{"type":"Point","coordinates":[139.012634,35.954414]}},{"type":"Feature","id":"michi_0356","properties":{"id":"michi_0356","name":"大滝温泉","pref":"埼玉県"},"geometry":{"type":"Point","coordinates":[138.938199,35.95038]}},{"type":"Feature","id":"michi_0357","properties":{"id":"michi_0357","name":"龍勢会館","pref":"埼玉県"},"geometry":{"type":"Point","coordinates":[139.040109,36.049009]}},{"type":"Feature","id":"michi_0358","properties":{"id":"michi_0358","name":"ちちぶ","pref":"埼玉県"},"geometry":{"type":"Point","coordinates":[139.089397,35.997441]}},{"type":"Feature","id":"michi_0359","properties":{"id":"michi_0359","name":"童謡のふる里おおとね","pref":"埼玉県"},"geometry":{"type":"Point","coordinates":[139.645159,36.170307]}},{"type":"Feature","id":"michi_0360","properties":{"id":"michi_0360","name":"きたかわべ","pref":"埼玉県"},"geometry":{"type":"Point","coordinates":[139.662783,36.211089]}},{"type":"Feature","id":"michi_0361","properties":{"id":"michi_0361","name":"庄和","pref":"埼玉県"},"geometry":{"type":"Point","coordinates":[139.79478,35.996791]}},{"type":"Feature","id":"michi_0362","properties":{"id":"michi_0362","name":"はにゅう","pref":"埼玉県"},"geometry":{"type":"Point","coordinates":[139.51077,36.188737]}},{"type":"Feature","id":"michi_0363","properties":{"id":"michi_0363","name":"おかべ","pref":"埼玉県"},"geometry":{"type":"Point","coordinates":[139.24128,36.218524]}},{"type":"Feature","id":"michi_0364","properties":{"id":"michi_0364","name":"はなぞの","pref":"埼玉県"},"geometry":{"type":"Point","coordinates":[139.227294,36.121891]}},{"type":"Feature","id":"michi_0365","properties":{"id":"michi_0365","name":"かわもと","pref":"埼玉県"},"geometry":{"type":"Point","coordinates":[139.289029,36.15151]}},{"type":"Feature","id":"michi_0366","properties":{"id":"michi_0366","name":"おがわまち","pref":"埼玉県"},"geometry":{"type":"Point","coordinates":[139.281169,36.052384]}},{"type":"Feature","id":"michi_0367","properties":{"id":"michi_0367","name":"いちごの里 よしみ","pref":"埼玉県"},"geometry":{"type":"Point","coordinates":[139.457688,36.036356]}},{"type":"Feature","id":"michi_0368","properties":{"id":"michi_0368","name":"果樹公園あしがくぼ","pref":"埼玉県"},"geometry":{"type":"Point","coordinates":[139.135557,35.976907]}},{"type":"Feature","id":"michi_0369","properties":{"id":"michi_0369","name":"みなの","pref":"埼玉県"},"geometry":{"type":"Point","coordinates":[139.10965,36.076959]}},{"type":"Feature","id":"michi_0370","properties":{"id":"michi_0370","name":"両神温泉薬師の湯","pref":"埼玉県"},"geometry":{"type":"Point","coordinates":[138.970964,36.004772]}},{"type":"Feature","id":"michi_0371","properties":{"id":"michi_0371","name":"和紙の里ひがしちちぶ","pref":"埼玉県"},"geometry":{"type":"Point","coordinates":[139.203506,36.052482]}},{"type":"Feature","id":"michi_0372","properties":{"id":"michi_0372","name":"アグリパークゆめすぎと","pref":"埼玉県"},"geometry":{"type":"Point","coordinates":[139.76926,36.024632]}},{"type":"Feature","id":"michi_0373","properties":{"id":"michi_0373","name":"いちかわ","pref":"千葉県"},"geometry":{"type":"Point","coordinates":[139.919413,35.748842]}},{"type":"Feature","id":"michi_0374","properties":{"id":"michi_0374","name":"南房パラダイス","pref":"千葉県"},"geometry":{"type":"Point","coordinates":[139.821618,34.939878]}},{"type":"Feature","id":"michi_0375","properties":{"id":"michi_0375","name":"木更津うまくたの里","pref":"千葉県"},"geometry":{"type":"Point","coordinates":[140.052479,35.359948]}},{"type":"Feature","id":"michi_0376","properties":{"id":"michi_0376","name":"みのりの郷東金","pref":"千葉県"},"geometry":{"type":"Point","coordinates":[140.383675,35.577214]}},{"type":"Feature","id":"michi_0377","properties":{"id":"michi_0377","name":"季楽里あさひ","pref":"千葉県"},"geometry":{"type":"Point","coordinates":[140.675557,35.717856]}},{"type":"Feature","id":"michi_0378","properties":{"id":"michi_0378","name":"しょうなん","pref":"千葉県"},"geometry":{"type":"Point","coordinates":[140.023254,35.857771]}},{"type":"Feature","id":"michi_0379","properties":{"id":"michi_0379","name":"あずの里いちはら","pref":"千葉県"},"geometry":{"type":"Point","coordinates":[140.109646,35.463859]}},{"type":"Feature","id":"michi_0380","properties":{"id":"michi_0380","name":"やちよ","pref":"千葉県"},"geometry":{"type":"Point","coordinates":[140.106749,35.758415]}},{"type":"Feature","id":"michi_0381","properties":{"id":"michi_0381","name":"鴨川オーシャンパーク","pref":"千葉県"},"geometry":{"type":"Point","coordinates":[140.077089,35.063801]}},{"type":"Feature","id":"michi_0382","properties":{"id":"michi_0382","name":"ふれあいパーク・きみつ","pref":"千葉県"},"geometry":{"type":"Point","coordinates":[140.069545,35.198557]}},{"type":"Feature","id":"michi_0383","properties":{"id":"michi_0383","name":"とみうら","pref":"千葉県"},"geometry":{"type":"Point","coordinates":[139.837131,35.037677]}},{"type":"Feature","id":"michi_0384","properties":{"id":"michi_0384","name":"三芳村","pref":"千葉県"},"geometry":{"type":"Point","coordinates":[139.894845,35.034101]}},{"type":"Feature","id":"michi_0385","properties":{"id":"michi_0385","name":"ローズマリー公園","pref":"千葉県"},"geometry":{"type":"Point","coordinates":[139.975266,35.008739]}},{"type":"Feature","id":"michi_0386","properties":{"id":"michi_0386","name":"ちくら・潮風王国","pref":"千葉県"},"geometry":{"type":"Point","coordinates":[139.952093,34.929901]}},{"type":"Feature","id":"michi_0387","properties":{"id":"michi_0387","name":"富楽里とみやま","pref":"千葉県"},"geometry":{"type":"Point","coordinates":[139.855614,35.100508]}},{"type":"Feature","id":"michi_0388","properties":{"id":"michi_0388","name":"おおつの里","pref":"千葉県"},"geometry":{"type":"Point","coordinates":[139.860365,35.057716]}},{"type":"Feature","id":"michi_0389","properties":{"id":"michi_0389","name":"白浜野島崎","pref":"千葉県"},"geometry":{"type":"Point","coordinates":[139.877387,34.906249]}},{"type":"Feature","id":"michi_0390","properties":{"id":"michi_0390","name":"和田浦 WA・O！","pref":"千葉県"},"geometry":{"type":"Point","coordinates":[140.02057,35.042582]}},{"type":"Feature","id":"michi_0391","properties":{"id":"michi_0391","name":"くりもと","pref":"千葉県"},"geometry":{"type":"Point","coordinates":[140.469942,35.805852]}},{"type":"Feature","id":"michi_0392","properties":{"id":"michi_0392","name":"水の郷さわら","pref":"千葉県"},"geometry":{"type":"Point","coordinates":[140.505908,35.896313]}},{"type":"Feature","id":"michi_0393","properties":{"id":"michi_0393","name":"オライはすぬま","pref":"千葉県"},"geometry":{"type":"Point","coordinates":[140.501594,35.601796]}},{"type":"Feature","id":"michi_0394","properties":{"id":"michi_0394","name":"発酵の里こうざき","pref":"千葉県"},"geometry":{"type":"Point","coordinates":[140.3797,35.90023]}},{"type":"Feature","id":"michi_0395","properties":{"id":"michi_0395","name":"多古","pref":"千葉県"},"geometry":{"type":"Point","coordinates":[140.475285,35.731283]}},{"type":"Feature","id":"michi_0396","properties":{"id":"michi_0396","name":"風和里しばやま","pref":"千葉県"},"geometry":{"type":"Point","coordinates":[140.41003,35.695064]}},{"type":"Feature","id":"michi_0397","properties":{"id":"michi_0397","name":"つどいの郷むつざわ","pref":"千葉県"},"geometry":{"type":"Point","coordinates":[140.30368,35.352183]}},{"type":"Feature","id":"michi_0398","properties":{"id":"michi_0398","name":"ながら","pref":"千葉県"},"geometry":{"type":"Point","coordinates":[140.20666,35.457308]}},{"type":"Feature","id":"michi_0399","properties":{"id":"michi_0399","name":"たけゆらの里おおたき","pref":"千葉県"},"geometry":{"type":"Point","coordinates":[140.258616,35.254825]}},{"type":"Feature","id":"michi_0400","properties":{"id":"michi_0400","name":"きょなん","pref":"千葉県"},"geometry":{"type":"Point","coordinates":[139.8371,35.127971]}},{"type":"Feature","id":"michi_0401","properties":{"id":"michi_0401","name":"保田小学校","pref":"千葉県"},"geometry":{"type":"Point","coordinates":[139.843945,35.143021]}},{"type":"Feature","id":"michi_0402","properties":{"id":"michi_0402","name":"八王子滝山","pref":"東京都"},"geometry":{"type":"Point","coordinates":[139.341475,35.686624]}},{"type":"Feature","id":"michi_0403","properties":{"id":"michi_0403","name":"山北","pref":"神奈川県"},"geometry":{"type":"Point","coordinates":[139.031484,35.379876]}},{"type":"Feature","id":"michi_0404","properties":{"id":"michi_0404","name":"箱根峠","pref":"神奈川県"},"geometry":{"type":"Point","coordinates":[139.01561,35.186764]}},{"type":"Feature","id":"michi_0405","properties":{"id":"michi_0405","name":"清川","pref":"神奈川県"},"geometry":{"type":"Point","coordinates":[139.277173,35.482522]}},{"type":"Feature","id":"michi_0406","properties":{"id":"michi_0406","name":"豊栄","pref":"新潟県"},"geometry":{"type":"Point","coordinates":[139.22301,37.957911]}},{"type":"Feature","id":"michi_0407","properties":{"id":"michi_0407","name":"新潟ふるさと村","pref":"新潟県"},"geometry":{"type":"Point","coordinates":[139.020212,37.866345]}},{"type":"Feature","id":"michi_0408","properties":{"id":"michi_0408","name":"花夢里にいつ","pref":"新潟県"},"geometry":{"type":"Point","coordinates":[139.078895,37.792591]}},{"type":"Feature","id":"michi_0409","properties":{"id":"michi_0409","name":"良寛の里 わしま","pref":"新潟県"},"geometry":{"type":"Point","coordinates":[138.75906,37.581607]}},{"type":"Feature","id":"michi_0410","properties":{"id":"michi_0410","name":"R290とちお","pref":"新潟県"},"geometry":{"type":"Point","coordinates":[139.007266,37.4596]}},{"type":"Feature","id":"michi_0411","properties":{"id":"michi_0411","name":"越後川口","pref":"新潟県"},"geometry":{"type":"Point","coordinates":[138.867639,37.260895]}},{"type":"Feature","id":"michi_0412","properties":{"id":"michi_0412","name":"漢学の里しただ","pref":"新潟県"},"geometry":{"type":"Point","coordinates":[139.102003,37.541809]}},{"type":"Feature","id":"michi_0413","properties":{"id":"michi_0413","name":"燕三条地場産センター","pref":"新潟県"},"geometry":{"type":"Point","coordinates":[138.933464,37.649263]}},{"type":"Feature","id":"michi_0414","properties":{"id":"michi_0414","name":"庭園の郷 保内","pref":"新潟県"},"geometry":{"type":"Point","coordinates":[139.026294,37.647125]}},{"type":"Feature","id":"michi_0415","properties":{"id":"michi_0415","name":"風の丘米山","pref":"新潟県"},"geometry":{"type":"Point","coordinates":[138.489921,37.346515]}},{"type":"Feature","id":"michi_0416","properties":{"id":"michi_0416","name":"西山ふるさと公苑","pref":"新潟県"},"geometry":{"type":"Point","coordinates":[138.662132,37.450675]}},{"type":"Feature","id":"michi_0417","properties":{"id":"michi_0417","name":"じょんのびの里高柳","pref":"新潟県"},"geometry":{"type":"Point","coordinates":[138.634208,37.213362]}},{"type":"Feature","id":"michi_0418","properties":{"id":"michi_0418","name":"加治川","pref":"新潟県"},"geometry":{"type":"Point","coordinates":[139.372422,38.002344]}},{"type":"Feature","id":"michi_0419","properties":{"id":"michi_0419","name":"ちぢみの里おぢや","pref":"新潟県"},"geometry":{"type":"Point","coordinates":[138.822908,37.305143]}},{"type":"Feature","id":"michi_0420","properties":{"id":"michi_0420","name":"まつだいふるさと会館","pref":"新潟県"},"geometry":{"type":"Point","coordinates":[138.613829,37.132612]}},{"type":"Feature","id":"michi_0421","properties":{"id":"michi_0421","name":"クロス10十日町","pref":"新潟県"},"geometry":{"type":"Point","coordinates":[138.761379,37.138442]}},{"type":"Feature","id":"michi_0422","properties":{"id":"michi_0422","name":"瀬替えの郷せんだ","pref":"新潟県"},"geometry":{"type":"Point","coordinates":[138.686354,37.199042]}},{"type":"Feature","id":"michi_0423","properties":{"id":"michi_0423","name":"パティオにいがた","pref":"新潟県"},"geometry":{"type":"Point","coordinates":[138.883471,37.546709]}},{"type":"Feature","id":"michi_0424","properties":{"id":"michi_0424","name":"神林","pref":"新潟県"},"geometry":{"type":"Point","coordinates":[139.461065,38.172483]}},{"type":"Feature","id":"michi_0425","properties":{"id":"michi_0425","name":"朝日","pref":"新潟県"},"geometry":{"type":"Point","coordinates":[139.522424,38.28213]}},{"type":"Feature","id":"michi_0426","properties":{"id":"michi_0426","name":"笹川流れ","pref":"新潟県"},"geometry":{"type":"Point","coordinates":[139.458521,38.375179]}},{"type":"Feature","id":"michi_0427","properties":{"id":"michi_0427","name":"国上","pref":"新潟県"},"geometry":{"type":"Point","coordinates":[138.82518,37.662885]}},{"type":"Feature","id":"michi_0428","properties":{"id":"michi_0428","name":"能生","pref":"新潟県"},"geometry":{"type":"Point","coordinates":[138.003775,37.113566]}},{"type":"Feature","id":"michi_0429","properties":{"id":"michi_0429","name":"越後市振の関","pref":"新潟県"},"geometry":{"type":"Point","coordinates":[137.644765,36.979982]}},{"type":"Feature","id":"michi_0430","properties":{"id":"michi_0430","name":"親不知ピアパーク","pref":"新潟県"},"geometry":{"type":"Point","coordinates":[137.730284,37.003157]}},{"type":"Feature","id":"michi_0431","properties":{"id":"michi_0431","name":"あらい","pref":"新潟県"},"geometry":{"type":"Point","coordinates":[138.225886,37.026118]}},{"type":"Feature","id":"michi_0432","properties":{"id":"michi_0432","name":"雪のふるさと やすづか","pref":"新潟県"},"geometry":{"type":"Point","coordinates":[138.470325,37.095594]}},{"type":"Feature","id":"michi_0433","properties":{"id":"michi_0433","name":"よしかわ杜氏の郷","pref":"新潟県"},"geometry":{"type":"Point","coordinates":[138.376971,37.241652]}},{"type":"Feature","id":"michi_0434","properties":{"id":"michi_0434","name":"うみてらす名立","pref":"新潟県"},"geometry":{"type":"Point","coordinates":[138.086691,37.163533]}},{"type":"Feature","id":"michi_0435","properties":{"id":"michi_0435","name":"芸能とトキの里","pref":"新潟県"},"geometry":{"type":"Point","coordinates":[138.444134,38.045638]}},{"type":"Feature","id":"michi_0436","properties":{"id":"michi_0436","name":"ゆのたに","pref":"新潟県"},"geometry":{"type":"Point","coordinates":[138.983034,37.22384]}},{"type":"Feature","id":"michi_0437","properties":{"id":"michi_0437","name":"いりひろせ","pref":"新潟県"},"geometry":{"type":"Point","coordinates":[139.057244,37.355921]}},{"type":"Feature","id":"michi_0438","properties":{"id":"michi_0438","name":"南魚沼","pref":"新潟県"},"geometry":{"type":"Point","coordinates":[138.819214,37.003069]}},{"type":"Feature","id":"michi_0439","properties":{"id":"michi_0439","name":"胎内","pref":"新潟県"},"geometry":{"type":"Point","coordinates":[139.452974,38.06349]}},{"type":"Feature","id":"michi_0440","properties":{"id":"michi_0440","name":"みかわ","pref":"新潟県"},"geometry":{"type":"Point","coordinates":[139.360096,37.717757]}},{"type":"Feature","id":"michi_0441","properties":{"id":"michi_0441","name":"阿賀の里","pref":"新潟県"},"geometry":{"type":"Point","coordinates":[139.307189,37.738014]}},{"type":"Feature","id":"michi_0442","properties":{"id":"michi_0442","name":"越後出雲崎 天領の里","pref":"新潟県"},"geometry":{"type":"Point","coordinates":[138.678709,37.538886]}},{"type":"Feature","id":"michi_0443","properties":{"id":"michi_0443","name":"みつまた","pref":"新潟県"},"geometry":{"type":"Point","coordinates":[138.777175,36.899692]}},{"type":"Feature","id":"michi_0444","properties":{"id":"michi_0444","name":"関川","pref":"新潟県"},"geometry":{"type":"Point","coordinates":[139.567001,38.091473]}},{"type":"Feature","id":"michi_0445","properties":{"id":"michi_0445","name":"細入","pref":"富山県"},"geometry":{"type":"Point","coordinates":[137.238122,36.488578]}},{"type":"Feature","id":"michi_0446","properties":{"id":"michi_0446","name":"万葉の里 高岡","pref":"富山県"},"geometry":{"type":"Point","coordinates":[136.969352,36.736714]}},{"type":"Feature","id":"michi_0447","properties":{"id":"michi_0447","name":"雨晴","pref":"富山県"},"geometry":{"type":"Point","coordinates":[137.041623,36.814906]}},{"type":"Feature","id":"michi_0448","properties":{"id":"michi_0448","name":"氷見","pref":"富山県"},"geometry":{"type":"Point","coordinates":[136.98721,36.864417]}},{"type":"Feature","id":"michi_0449","properties":{"id":"michi_0449","name":"ウェーブパークなめりかわ","pref":"富山県"},"geometry":{"type":"Point","coordinates":[137.344456,36.774377]}},{"type":"Feature","id":"michi_0450","properties":{"id":"michi_0450","name":"うなづき","pref":"富山県"},"geometry":{"type":"Point","coordinates":[137.541559,36.860426]}},{"type":"Feature","id":"michi_0451","properties":{"id":"michi_0451","name":"砺波","pref":"富山県"},"geometry":{"type":"Point","coordinates":[136.960092,36.641487]}},{"type":"Feature","id":"michi_0452","properties":{"id":"michi_0452","name":"庄川","pref":"富山県"},"geometry":{"type":"Point","coordinates":[136.979909,36.574333]}},{"type":"Feature","id":"michi_0453","properties":{"id":"michi_0453","name":"メルヘンおやべ","pref":"富山県"},"geometry":{"type":"Point","coordinates":[136.876688,36.689471]}},{"type":"Feature","id":"michi_0454","properties":{"id":"michi_0454","name":"上平","pref":"富山県"},"geometry":{"type":"Point","coordinates":[136.871469,36.377491]}},{"type":"Feature","id":"michi_0455","properties":{"id":"michi_0455","name":"利賀","pref":"富山県"},"geometry":{"type":"Point","coordinates":[137.026689,36.524368]}},{"type":"Feature","id":"michi_0456","properties":{"id":"michi_0456","name":"井波","pref":"富山県"},"geometry":{"type":"Point","coordinates":[136.977887,36.561509]}},{"type":"Feature","id":"michi_0457","properties":{"id":"michi_0457","name":"福光","pref":"富山県"},"geometry":{"type":"Point","coordinates":[136.861892,36.56642]}},{"type":"Feature","id":"michi_0458","properties":{"id":"michi_0458","name":"たいら","pref":"富山県"},"geometry":{"type":"Point","coordinates":[136.973962,36.445401]}},{"type":"Feature","id":"michi_0459","properties":{"id":"michi_0459","name":"カモンパーク新湊","pref":"富山県"},"geometry":{"type":"Point","coordinates":[137.084968,36.752011]}},{"type":"Feature","id":"michi_0460","properties":{"id":"michi_0460","name":"いおり","pref":"石川県"},"geometry":{"type":"Point","coordinates":[137.04653,37.028825]}},{"type":"Feature","id":"michi_0461","properties":{"id":"michi_0461","name":"なかじまロマン峠","pref":"石川県"},"geometry":{"type":"Point","coordinates":[136.863246,37.130547]}},{"type":"Feature","id":"michi_0462","properties":{"id":"michi_0462","name":"のとじま","pref":"石川県"},"geometry":{"type":"Point","coordinates":[136.998241,37.137359]}},{"type":"Feature","id":"michi_0463","properties":{"id":"michi_0463","name":"能登食祭市場","pref":"石川県"},"geometry":{"type":"Point","coordinates":[136.968984,37.048985]}},{"type":"Feature","id":"michi_0464","properties":{"id":"michi_0464","name":"こまつ木場潟","pref":"石川県"},"geometry":{"type":"Point","coordinates":[136.46236,36.370006]}},{"type":"Feature","id":"michi_0465","properties":{"id":"michi_0465","name":"千枚田ポケットパーク","pref":"石川県"},"geometry":{"type":"Point","coordinates":[136.997631,37.424166]}},{"type":"Feature","id":"michi_0466","properties":{"id":"michi_0466","name":"赤神","pref":"石川県"},"geometry":{"type":"Point","coordinates":[136.709447,37.248239]}},{"type":"Feature","id":"michi_0467","properties":{"id":"michi_0467","name":"輪島","pref":"石川県"},"geometry":{"type":"Point","coordinates":[136.905971,37.388618]}},{"type":"Feature","id":"michi_0468","properties":{"id":"michi_0468","name":"のと里山空港","pref":"石川県"},"geometry":{"type":"Point","coordinates":[136.957128,37.295041]}},{"type":"Feature","id":"michi_0469","properties":{"id":"michi_0469","name":"すず塩田村","pref":"石川県"},"geometry":{"type":"Point","coordinates":[137.113786,37.486335]}},{"type":"Feature","id":"michi_0470","properties":{"id":"michi_0470","name":"狼煙","pref":"石川県"},"geometry":{"type":"Point","coordinates":[137.324423,37.525975]}},{"type":"Feature","id":"michi_0471","properties":{"id":"michi_0471","name":"すずなり","pref":"石川県"},"geometry":{"type":"Point","coordinates":[137.269964,37.441561]}},{"type":"Feature","id":"michi_0472","properties":{"id":"michi_0472","name":"山中温泉 ゆけむり健康村","pref":"石川県"},"geometry":{"type":"Point","coordinates":[136.367516,36.2377]}},{"type":"Feature","id":"michi_0473","properties":{"id":"michi_0473","name":"のと千里浜","pref":"石川県"},"geometry":{"type":"Point","coordinates":[136.768455,36.886027]}},{"type":"Feature","id":"michi_0474","properties":{"id":"michi_0474","name":"高松","pref":"石川県"},"geometry":{"type":"Point","coordinates":[136.724691,36.786301]}},{"type":"Feature","id":"michi_0475","properties":{"id":"michi_0475","name":"瀬女","pref":"石川県"},"geometry":{"type":"Point","coordinates":[136.649387,36.288121]}},{"type":"Feature","id":"michi_0476","properties":{"id":"michi_0476","name":"一向一揆の里","pref":"石川県"},"geometry":{"type":"Point","coordinates":[136.599083,36.360442]}},{"type":"Feature","id":"michi_0477","properties":{"id":"michi_0477","name":"めぐみ白山","pref":"石川県"},"geometry":{"type":"Point","coordinates":[136.553443,36.506041]}},{"type":"Feature","id":"michi_0478","properties":{"id":"michi_0478","name":"しらやまさん","pref":"石川県"},"geometry":{"type":"Point","coordinates":[136.630473,36.436858]}},{"type":"Feature","id":"michi_0479","properties":{"id":"michi_0479","name":"倶利伽羅 源平の郷","pref":"石川県"},"geometry":{"type":"Point","coordinates":[136.768516,36.662745]}},{"type":"Feature","id":"michi_0480","properties":{"id":"michi_0480","name":"内灘サンセットパーク","pref":"石川県"},"geometry":{"type":"Point","coordinates":[136.648897,36.659196]}},{"type":"Feature","id":"michi_0481","properties":{"id":"michi_0481","name":"とぎ海街道","pref":"石川県"},"geometry":{"type":"Point","coordinates":[136.724883,37.140177]}},{"type":"Feature","id":"michi_0482","properties":{"id":"michi_0482","name":"ころ柿の里しか","pref":"石川県"},"geometry":{"type":"Point","coordinates":[136.780021,37.006873]}},{"type":"Feature","id":"michi_0483","properties":{"id":"michi_0483","name":"織姫の里なかのと","pref":"石川県"},"geometry":{"type":"Point","coordinates":[136.904789,36.969954]}},{"type":"Feature","id":"michi_0484","properties":{"id":"michi_0484","name":"あなみず","pref":"石川県"},"geometry":{"type":"Point","coordinates":[136.905684,37.228375]}},{"type":"Feature","id":"michi_0485","properties":{"id":"michi_0485","name":"桜峠","pref":"石川県"},"geometry":{"type":"Point","coordinates":[137.011255,37.331392]}},{"type":"Feature","id":"michi_0486","properties":{"id":"michi_0486","name":"一乗谷あさくら水の駅","pref":"福井県"},"geometry":{"type":"Point","coordinates":[136.29458,36.020564]}},{"type":"Feature","id":"michi_0487","properties":{"id":"michi_0487","name":"若狭おばま","pref":"福井県"},"geometry":{"type":"Point","coordinates":[135.763095,35.491969]}},{"type":"Feature","id":"michi_0488","properties":{"id":"michi_0488","name":"九頭竜","pref":"福井県"},"geometry":{"type":"Point","coordinates":[136.661465,35.904237]}},{"type":"Feature","id":"michi_0489","properties":{"id":"michi_0489","name":"西山公園","pref":"福井県"},"geometry":{"type":"Point","coordinates":[136.180677,35.948661]}},{"type":"Feature","id":"michi_0490","properties":{"id":"michi_0490","name":"みくに","pref":"福井県"},"geometry":{"type":"Point","coordinates":[136.139071,36.189567]}},{"type":"Feature","id":"michi_0491","properties":{"id":"michi_0491","name":"さかい","pref":"福井県"},"geometry":{"type":"Point","coordinates":[136.220972,36.17097]}},{"type":"Feature","id":"michi_0492","properties":{"id":"michi_0492","name":"禅の里","pref":"福井県"},"geometry":{"type":"Point","coordinates":[136.398654,36.080049]}},{"type":"Feature","id":"michi_0493","properties":{"id":"michi_0493","name":"河野","pref":"福井県"},"geometry":{"type":"Point","coordinates":[136.091944,35.796725]}},{"type":"Feature","id":"michi_0494","properties":{"id":"michi_0494","name":"パークイン丹生ヶ丘","pref":"福井県"},"geometry":{"type":"Point","coordinates":[136.119514,35.969483]}},{"type":"Feature","id":"michi_0495","properties":{"id":"michi_0495","name":"越前","pref":"福井県"},"geometry":{"type":"Point","coordinates":[135.997047,35.91988]}},{"type":"Feature","id":"michi_0496","properties":{"id":"michi_0496","name":"シーサイド高浜","pref":"福井県"},"geometry":{"type":"Point","coordinates":[135.595496,35.489052]}},{"type":"Feature","id":"michi_0497","properties":{"id":"michi_0497","name":"名田庄","pref":"福井県"},"geometry":{"type":"Point","coordinates":[135.584223,35.394631]}},{"type":"Feature","id":"michi_0498","properties":{"id":"michi_0498","name":"うみんぴあ大飯","pref":"福井県"},"geometry":{"type":"Point","coordinates":[135.62998,35.481269]}},{"type":"Feature","id":"michi_0499","properties":{"id":"michi_0499","name":"若狭熊川宿","pref":"福井県"},"geometry":{"type":"Point","coordinates":[135.906077,35.440696]}},{"type":"Feature","id":"michi_0500","properties":{"id":"michi_0500","name":"三方五湖","pref":"福井県"},"geometry":{"type":"Point","coordinates":[135.894361,35.56019]}},{"type":"Feature","id":"michi_0501","properties":{"id":"michi_0501","name":"富士吉田","pref":"山梨県"},"geometry":{"type":"Point","coordinates":[138.80198,35.459186]}},{"type":"Feature","id":"michi_0502","properties":{"id":"michi_0502","name":"つる","pref":"山梨県"},"geometry":{"type":"Point","coordinates":[138.931227,35.582917]}},{"type":"Feature","id":"michi_0503","properties":{"id":"michi_0503","name":"みとみ","pref":"山梨県"},"geometry":{"type":"Point","coordinates":[138.75525,35.862552]}},{"type":"Feature","id":"michi_0504","properties":{"id":"michi_0504","name":"花かげの郷まきおか","pref":"山梨県"},"geometry":{"type":"Point","coordinates":[138.718368,35.754462]}},{"type":"Feature","id":"michi_0505","properties":{"id":"michi_0505","name":"にらさき","pref":"山梨県"},"geometry":{"type":"Point","coordinates":[138.43859,35.748412]}},{"type":"Feature","id":"michi_0506","properties":{"id":"michi_0506","name":"しらね","pref":"山梨県"},"geometry":{"type":"Point","coordinates":[138.471159,35.638031]}},{"type":"Feature","id":"michi_0507","properties":{"id":"michi_0507","name":"はくしゅう","pref":"山梨県"},"geometry":{"type":"Point","coordinates":[138.330655,35.810325]}},{"type":"Feature","id":"michi_0508","properties":{"id":"michi_0508","name":"南きよさと","pref":"山梨県"},"geometry":{"type":"Point","coordinates":[138.427786,35.865738]}},{"type":"Feature","id":"michi_0509","properties":{"id":"michi_0509","name":"こぶちさわ","pref":"山梨県"},"geometry":{"type":"Point","coordinates":[138.316714,35.878901]}},{"type":"Feature","id":"michi_0510","properties":{"id":"michi_0510","name":"甲斐大和","pref":"山梨県"},"geometry":{"type":"Point","coordinates":[138.792714,35.635934]}},{"type":"Feature","id":"michi_0511","properties":{"id":"michi_0511","name":"とよとみ","pref":"山梨県"},"geometry":{"type":"Point","coordinates":[138.545212,35.58494]}},{"type":"Feature","id":"michi_0512","properties":{"id":"michi_0512","name":"しもべ","pref":"山梨県"},"geometry":{"type":"Point","coordinates":[138.512894,35.469985]}},{"type":"Feature","id":"michi_0513","properties":{"id":"michi_0513","name":"みのぶ・富士川観光センター","pref":"山梨県"},"geometry":{"type":"Point","coordinates":[138.437249,35.418592]}},{"type":"Feature","id":"michi_0514","properties":{"id":"michi_0514","name":"とみざわ","pref":"山梨県"},"geometry":{"type":"Point","coordinates":[138.485051,35.241785]}},{"type":"Feature","id":"michi_0515","properties":{"id":"michi_0515","name":"なんぶ","pref":"山梨県"},"geometry":{"type":"Point","coordinates":[138.446941,35.306755]}},{"type":"Feature","id":"michi_0516","properties":{"id":"michi_0516","name":"富士川","pref":"山梨県"},"geometry":{"type":"Point","coordinates":[138.472064,35.557015]}},{"type":"Feature","id":"michi_0517","properties":{"id":"michi_0517","name":"どうし","pref":"山梨県"},"geometry":{"type":"Point","coordinates":[138.989848,35.503387]}},{"type":"Feature","id":"michi_0518","properties":{"id":"michi_0518","name":"なるさわ","pref":"山梨県"},"geometry":{"type":"Point","coordinates":[138.698504,35.480152]}},{"type":"Feature","id":"michi_0519","properties":{"id":"michi_0519","name":"かつやま","pref":"山梨県"},"geometry":{"type":"Point","coordinates":[138.734305,35.504346]}},{"type":"Feature","id":"michi_0520","properties":{"id":"michi_0520","name":"こすげ","pref":"山梨県"},"geometry":{"type":"Point","coordinates":[138.949946,35.75396]}},{"type":"Feature","id":"michi_0521","properties":{"id":"michi_0521","name":"たばやま","pref":"山梨県"},"geometry":{"type":"Point","coordinates":[138.923819,35.78926]}},{"type":"Feature","id":"michi_0522","properties":{"id":"michi_0522","name":"信州新町","pref":"長野県"},"geometry":{"type":"Point","coordinates":[138.052742,36.585417]}},{"type":"Feature","id":"michi_0523","properties":{"id":"michi_0523","name":"長野市大岡特産センター","pref":"長野県"},"geometry":{"type":"Point","coordinates":[137.958136,36.526393]}},{"type":"Feature","id":"michi_0524","properties":{"id":"michi_0524","name":"中条","pref":"長野県"},"geometry":{"type":"Point","coordinates":[138.01617,36.6038]}},{"type":"Feature","id":"michi_0525","properties":{"id":"michi_0525","name":"風穴の里","pref":"長野県"},"geometry":{"type":"Point","coordinates":[137.752097,36.153326]}},{"type":"Feature","id":"michi_0526","properties":{"id":"michi_0526","name":"今井 恵みの里","pref":"長野県"},"geometry":{"type":"Point","coordinates":[137.902754,36.148281]}},{"type":"Feature","id":"michi_0527","properties":{"id":"michi_0527","name":"上田 道と川の駅","pref":"長野県"},"geometry":{"type":"Point","coordinates":[138.205586,36.407122]}},{"type":"Feature","id":"michi_0528","properties":{"id":"michi_0528","name":"美ヶ原高原","pref":"長野県"},"geometry":{"type":"Point","coordinates":[138.140325,36.230635]}},{"type":"Feature","id":"michi_0529","properties":{"id":"michi_0529","name":"遠山郷","pref":"長野県"},"geometry":{"type":"Point","coordinates":[137.930944,35.321346]}},{"type":"Feature","id":"michi_0530","properties":{"id":"michi_0530","name":"南アルプスむら長谷","pref":"長野県"},"geometry":{"type":"Point","coordinates":[138.083709,35.809814]}},{"type":"Feature","id":"michi_0531","properties":{"id":"michi_0531","name":"ふるさと豊田","pref":"長野県"},"geometry":{"type":"Point","coordinates":[138.322324,36.800516]}},{"type":"Feature","id":"michi_0532","properties":{"id":"michi_0532","name":"ぽかぽかランド美麻","pref":"長野県"},"geometry":{"type":"Point","coordinates":[137.895563,36.605338]}},{"type":"Feature","id":"michi_0533","properties":{"id":"michi_0533","name":"花の駅 千曲川","pref":"長野県"},"geometry":{"type":"Point","coordinates":[138.387761,36.881511]}},{"type":"Feature","id":"michi_0534","properties":{"id":"michi_0534","name":"小坂田公園","pref":"長野県"},"geometry":{"type":"Point","coordinates":[137.988191,36.106347]}},{"type":"Feature","id":"michi_0535","properties":{"id":"michi_0535","name":"奈良井木曽の大橋","pref":"長野県"},"geometry":{"type":"Point","coordinates":[137.814405,35.965946]}},{"type":"Feature","id":"michi_0536","properties":{"id":"michi_0536","name":"木曽ならかわ","pref":"長野県"},"geometry":{"type":"Point","coordinates":[137.841959,35.986202]}},{"type":"Feature","id":"michi_0537","properties":{"id":"michi_0537","name":"ほっとぱ〜く・浅科","pref":"長野県"},"geometry":{"type":"Point","coordinates":[138.404307,36.25751]}},{"type":"Feature","id":"michi_0538","properties":{"id":"michi_0538","name":"ヘルシーテラス佐久南","pref":"長野県"},"geometry":{"type":"Point","coordinates":[138.440822,36.236692]}},{"type":"Feature","id":"michi_0539","properties":{"id":"michi_0539","name":"みまき","pref":"長野県"},"geometry":{"type":"Point","coordinates":[138.359566,36.334784]}},{"type":"Feature","id":"michi_0540","properties":{"id":"michi_0540","name":"雷電くるみの里","pref":"長野県"},"geometry":{"type":"Point","coordinates":[138.373897,36.355715]}},{"type":"Feature","id":"michi_0541","properties":{"id":"michi_0541","name":"アルプス安曇野 ほりがねの里","pref":"長野県"},"geometry":{"type":"Point","coordinates":[137.87772,36.293496]}},{"type":"Feature","id":"michi_0542","properties":{"id":"michi_0542","name":"女神の里 たてしな","pref":"長野県"},"geometry":{"type":"Point","coordinates":[138.331675,36.276288]}},{"type":"Feature","id":"michi_0543","properties":{"id":"michi_0543","name":"あおき","pref":"長野県"},"geometry":{"type":"Point","coordinates":[138.140884,36.372865]}},{"type":"Feature","id":"michi_0544","properties":{"id":"michi_0544","name":"マルメロの駅ながと","pref":"長野県"},"geometry":{"type":"Point","coordinates":[138.257588,36.272941]}},{"type":"Feature","id":"michi_0545","properties":{"id":"michi_0545","name":"信州蔦木宿","pref":"長野県"},"geometry":{"type":"Point","coordinates":[138.276911,35.863269]}},{"type":"Feature","id":"michi_0546","properties":{"id":"michi_0546","name":"花の里いいじま","pref":"長野県"},"geometry":{"type":"Point","coordinates":[137.910046,35.662005]}},{"type":"Feature","id":"michi_0547","properties":{"id":"michi_0547","name":"田切の里","pref":"長野県"},"geometry":{"type":"Point","coordinates":[137.939944,35.691023]}},{"type":"Feature","id":"michi_0548","properties":{"id":"michi_0548","name":"大芝高原","pref":"長野県"},"geometry":{"type":"Point","coordinates":[137.94389,35.886668]}},{"type":"Feature","id":"michi_0549","properties":{"id":"michi_0549","name":"信州新野千石平","pref":"長野県"},"geometry":{"type":"Point","coordinates":[137.745387,35.257481]}},{"type":"Feature","id":"michi_0550","properties":{"id":"michi_0550","name":"信州平谷","pref":"長野県"},"geometry":{"type":"Point","coordinates":[137.631746,35.324356]}},{"type":"Feature","id":"michi_0551","properties":{"id":"michi_0551","name":"信濃路下條","pref":"長野県"},"geometry":{"type":"Point","coordinates":[137.794249,35.417125]}},{"type":"Feature","id":"michi_0552","properties":{"id":"michi_0552","name":"南信州うるぎ","pref":"長野県"},"geometry":{"type":"Point","coordinates":[137.709445,35.273889]}},{"type":"Feature","id":"michi_0553","properties":{"id":"michi_0553","name":"南信州 とよおかマルシェ","pref":"長野県"},"geometry":{"type":"Point","coordinates":[137.891347,35.544442]}},{"type":"Feature","id":"michi_0554","properties":{"id":"michi_0554","name":"歌舞伎の里大鹿","pref":"長野県"},"geometry":{"type":"Point","coordinates":[138.036947,35.565001]}},{"type":"Feature","id":"michi_0555","properties":{"id":"michi_0555","name":"木曽川源流の里 きそむら","pref":"長野県"},"geometry":{"type":"Point","coordinates":[137.785829,35.930724]}},{"type":"Feature","id":"michi_0556","properties":{"id":"michi_0556","name":"大桑","pref":"長野県"},"geometry":{"type":"Point","coordinates":[137.653467,35.682094]}},{"type":"Feature","id":"michi_0557","properties":{"id":"michi_0557","name":"日義木曽駒高原","pref":"長野県"},"geometry":{"type":"Point","coordinates":[137.740033,35.86647]}},{"type":"Feature","id":"michi_0558","properties":{"id":"michi_0558","name":"三岳","pref":"長野県"},"geometry":{"type":"Point","coordinates":[137.648074,35.822559]}},{"type":"Feature","id":"michi_0559","properties":{"id":"michi_0559","name":"木曽福島","pref":"長野県"},"geometry":{"type":"Point","coordinates":[137.682277,35.817661]}},{"type":"Feature","id":"michi_0560","properties":{"id":"michi_0560","name":"いくさかの郷","pref":"長野県"},"geometry":{"type":"Point","coordinates":[137.931389,36.424169]}},{"type":"Feature","id":"michi_0561","properties":{"id":"michi_0561","name":"さかきた","pref":"長野県"},"geometry":{"type":"Point","coordinates":[138.012124,36.426378]}},{"type":"Feature","id":"michi_0562","properties":{"id":"michi_0562","name":"池田","pref":"長野県"},"geometry":{"type":"Point","coordinates":[137.884637,36.397074]}},{"type":"Feature","id":"michi_0563","properties":{"id":"michi_0563","name":"安曇野松川","pref":"長野県"},"geometry":{"type":"Point","coordinates":[137.867643,36.396278]}},{"type":"Feature","id":"michi_0564","properties":{"id":"michi_0564","name":"白馬","pref":"長野県"},"geometry":{"type":"Point","coordinates":[137.847327,36.65359]}},{"type":"Feature","id":"michi_0565","properties":{"id":"michi_0565","name":"小谷","pref":"長野県"},"geometry":{"type":"Point","coordinates":[137.90044,36.845261]}},{"type":"Feature","id":"michi_0566","properties":{"id":"michi_0566","name":"オアシスおぶせ","pref":"長野県"},"geometry":{"type":"Point","coordinates":[138.294865,36.689123]}},{"type":"Feature","id":"michi_0567","properties":{"id":"michi_0567","name":"北信州やまのうち","pref":"長野県"},"geometry":{"type":"Point","coordinates":[138.404622,36.741351]}},{"type":"Feature","id":"michi_0568","properties":{"id":"michi_0568","name":"FARMUS 木島平","pref":"長野県"},"geometry":{"type":"Point","coordinates":[138.388223,36.852148]}},{"type":"Feature","id":"michi_0569","properties":{"id":"michi_0569","name":"しなの","pref":"長野県"},"geometry":{"type":"Point","coordinates":[138.190162,36.818291]}},{"type":"Feature","id":"michi_0570","properties":{"id":"michi_0570","name":"おがわ","pref":"長野県"},"geometry":{"type":"Point","coordinates":[137.990556,36.6133]}},{"type":"Feature","id":"michi_0571","properties":{"id":"michi_0571","name":"信越さかえ","pref":"長野県"},"geometry":{"type":"Point","coordinates":[138.58168,36.988484]}},{"type":"Feature","id":"michi_0572","properties":{"id":"michi_0572","name":"柳津","pref":"岐阜県"},"geometry":{"type":"Point","coordinates":[136.731357,35.370094]}},{"type":"Feature","id":"michi_0573","properties":{"id":"michi_0573","name":"パスカル清見","pref":"岐阜県"},"geometry":{"type":"Point","coordinates":[137.082695,35.940625]}},{"type":"Feature","id":"michi_0574","properties":{"id":"michi_0574","name":"奥飛騨温泉郷上宝","pref":"岐阜県"},"geometry":{"type":"Point","coordinates":[137.499654,36.249002]}},{"type":"Feature","id":"michi_0575","properties":{"id":"michi_0575","name":"モンデウス飛騨位山","pref":"岐阜県"},"geometry":{"type":"Point","coordinates":[137.225696,36.061868]}},{"type":"Feature","id":"michi_0576","properties":{"id":"michi_0576","name":"ななもり清見","pref":"岐阜県"},"geometry":{"type":"Point","coordinates":[137.16621,36.133976]}},{"type":"Feature","id":"michi_0577","properties":{"id":"michi_0577","name":"飛騨街道 なぎさ","pref":"岐阜県"},"geometry":{"type":"Point","coordinates":[137.291661,36.006871]}},{"type":"Feature","id":"michi_0578","properties":{"id":"michi_0578","name":"ひだ朝日村","pref":"岐阜県"},"geometry":{"type":"Point","coordinates":[137.350572,36.087964]}},{"type":"Feature","id":"michi_0579","properties":{"id":"michi_0579","name":"飛騨たかね工房","pref":"岐阜県"},"geometry":{"type":"Point","coordinates":[137.440741,36.046476]}},{"type":"Feature","id":"michi_0580","properties":{"id":"michi_0580","name":"桜の郷 荘川","pref":"岐阜県"},"geometry":{"type":"Point","coordinates":[136.965612,36.021213]}},{"type":"Feature","id":"michi_0581","properties":{"id":"michi_0581","name":"ラステンほらど","pref":"岐阜県"},"geometry":{"type":"Point","coordinates":[136.7983,35.596361]}},{"type":"Feature","id":"michi_0582","properties":{"id":"michi_0582","name":"平成","pref":"岐阜県"},"geometry":{"type":"Point","coordinates":[136.997292,35.552245]}},{"type":"Feature","id":"michi_0583","properties":{"id":"michi_0583","name":"むげ川","pref":"岐阜県"},"geometry":{"type":"Point","coordinates":[136.854122,35.515183]}},{"type":"Feature","id":"michi_0584","properties":{"id":"michi_0584","name":"花街道付知","pref":"岐阜県"},"geometry":{"type":"Point","coordinates":[137.441553,35.642685]}},{"type":"Feature","id":"michi_0585","properties":{"id":"michi_0585","name":"賤母","pref":"岐阜県"},"geometry":{"type":"Point","coordinates":[137.550439,35.586112]}},{"type":"Feature","id":"michi_0586","properties":{"id":"michi_0586","name":"きりら坂下","pref":"岐阜県"},"geometry":{"type":"Point","coordinates":[137.534574,35.57043]}},{"type":"Feature","id":"michi_0587","properties":{"id":"michi_0587","name":"加子母","pref":"岐阜県"},"geometry":{"type":"Point","coordinates":[137.374753,35.708782]}},{"type":"Feature","id":"michi_0588","properties":{"id":"michi_0588","name":"五木のやかた・かわうえ","pref":"岐阜県"},"geometry":{"type":"Point","coordinates":[137.501864,35.602352]}},{"type":"Feature","id":"michi_0589","properties":{"id":"michi_0589","name":"美濃にわか茶屋","pref":"岐阜県"},"geometry":{"type":"Point","coordinates":[136.913733,35.554599]}},{"type":"Feature","id":"michi_0590","properties":{"id":"michi_0590","name":"上矢作ラ・フォーレ福寿の里","pref":"岐阜県"},"geometry":{"type":"Point","coordinates":[137.471578,35.323636]}},{"type":"Feature","id":"michi_0591","properties":{"id":"michi_0591","name":"そばの郷 らっせぃみさと","pref":"岐阜県"},"geometry":{"type":"Point","coordinates":[137.358747,35.405708]}},{"type":"Feature","id":"michi_0592","properties":{"id":"michi_0592","name":"おばあちゃん市・山岡","pref":"岐阜県"},"geometry":{"type":"Point","coordinates":[137.306444,35.328255]}},{"type":"Feature","id":"michi_0593","properties":{"id":"michi_0593","name":"日本昭和村","pref":"岐阜県"},"geometry":{"type":"Point","coordinates":[137.030618,35.473613]}},{"type":"Feature","id":"michi_0594","properties":{"id":"michi_0594","name":"土岐美濃焼街道","pref":"岐阜県"},"geometry":{"type":"Point","coordinates":[137.22319,35.336059]}},{"type":"Feature","id":"michi_0595","properties":{"id":"michi_0595","name":"志野・織部","pref":"岐阜県"},"geometry":{"type":"Point","coordinates":[137.188131,35.394143]}},{"type":"Feature","id":"michi_0596","properties":{"id":"michi_0596","name":"可児ッテ「ＣＡＮＩＴＴＥ」","pref":"岐阜県"},"geometry":{"type":"Point","coordinates":[137.101163,35.430055]}},{"type":"Feature","id":"michi_0597","properties":{"id":"michi_0597","name":"アルプ飛騨古川","pref":"岐阜県"},"geometry":{"type":"Point","coordinates":[137.192351,36.220446]}},{"type":"Feature","id":"michi_0598","properties":{"id":"michi_0598","name":"飛騨古川いぶし","pref":"岐阜県"},"geometry":{"type":"Point","coordinates":[137.150621,36.213988]}},{"type":"Feature","id":"michi_0599","properties":{"id":"michi_0599","name":"宙ドーム・神岡","pref":"岐阜県"},"geometry":{"type":"Point","coordinates":[137.307189,36.329017]}},{"type":"Feature","id":"michi_0600","properties":{"id":"michi_0600","name":"富有柿の里いとぬき","pref":"岐阜県"},"geometry":{"type":"Point","coordinates":[136.676047,35.472554]}},{"type":"Feature","id":"michi_0601","properties":{"id":"michi_0601","name":"織部の里・もとす","pref":"岐阜県"},"geometry":{"type":"Point","coordinates":[136.667187,35.500115]}},{"type":"Feature","id":"michi_0602","properties":{"id":"michi_0602","name":"うすずみ桜の里・ねお","pref":"岐阜県"},"geometry":{"type":"Point","coordinates":[136.589241,35.660163]}},{"type":"Feature","id":"michi_0603","properties":{"id":"michi_0603","name":"美並","pref":"岐阜県"},"geometry":{"type":"Point","coordinates":[136.943142,35.609205]}},{"type":"Feature","id":"michi_0604","properties":{"id":"michi_0604","name":"明宝","pref":"岐阜県"},"geometry":{"type":"Point","coordinates":[137.02843,35.844793]}},{"type":"Feature","id":"michi_0605","properties":{"id":"michi_0605","name":"白鳥","pref":"岐阜県"},"geometry":{"type":"Point","coordinates":[136.832118,35.923363]}},{"type":"Feature","id":"michi_0606","properties":{"id":"michi_0606","name":"大日岳","pref":"岐阜県"},"geometry":{"type":"Point","coordinates":[136.891074,35.987643]}},{"type":"Feature","id":"michi_0607","properties":{"id":"michi_0607","name":"古今伝授の里やまと","pref":"岐阜県"},"geometry":{"type":"Point","coordinates":[136.901735,35.816091]}},{"type":"Feature","id":"michi_0608","properties":{"id":"michi_0608","name":"和良","pref":"岐阜県"},"geometry":{"type":"Point","coordinates":[137.067787,35.742508]}},{"type":"Feature","id":"michi_0609","properties":{"id":"michi_0609","name":"白尾ふれあいパーク","pref":"岐阜県"},"geometry":{"type":"Point","coordinates":[136.891924,35.889671]}},{"type":"Feature","id":"michi_0610","properties":{"id":"michi_0610","name":"清流の里しろとり","pref":"岐阜県"},"geometry":{"type":"Point","coordinates":[136.854767,35.881564]}},{"type":"Feature","id":"michi_0611","properties":{"id":"michi_0611","name":"飛騨金山ぬく森の里温泉","pref":"岐阜県"},"geometry":{"type":"Point","coordinates":[137.147179,35.668911]}},{"type":"Feature","id":"michi_0612","properties":{"id":"michi_0612","name":"南飛騨小坂","pref":"岐阜県"},"geometry":{"type":"Point","coordinates":[137.294345,35.931458]}},{"type":"Feature","id":"michi_0613","properties":{"id":"michi_0613","name":"馬瀬 美輝の里","pref":"岐阜県"},"geometry":{"type":"Point","coordinates":[137.187413,35.819913]}},{"type":"Feature","id":"michi_0614","properties":{"id":"michi_0614","name":"クレール平田","pref":"岐阜県"},"geometry":{"type":"Point","coordinates":[136.671057,35.274715]}},{"type":"Feature","id":"michi_0615","properties":{"id":"michi_0615","name":"月見の里 南濃","pref":"岐阜県"},"geometry":{"type":"Point","coordinates":[136.600691,35.215087]}},{"type":"Feature","id":"michi_0616","properties":{"id":"michi_0616","name":"星のふる里 ふじはし","pref":"岐阜県"},"geometry":{"type":"Point","coordinates":[136.462913,35.577413]}},{"type":"Feature","id":"michi_0617","properties":{"id":"michi_0617","name":"夢さんさん谷汲","pref":"岐阜県"},"geometry":{"type":"Point","coordinates":[136.585564,35.531481]}},{"type":"Feature","id":"michi_0618","properties":{"id":"michi_0618","name":"夜叉ヶ池の里さかうち","pref":"岐阜県"},"geometry":{"type":"Point","coordinates":[136.413732,35.602032]}},{"type":"Feature","id":"michi_0619","properties":{"id":"michi_0619","name":"パレットピアおおの","pref":"岐阜県"},"geometry":{"type":"Point","coordinates":[136.628084,35.431918]}},{"type":"Feature","id":"michi_0620","properties":{"id":"michi_0620","name":"池田温泉","pref":"岐阜県"},"geometry":{"type":"Point","coordinates":[136.559814,35.419442]}},{"type":"Feature","id":"michi_0621","properties":{"id":"michi_0621","name":"半布里の郷 とみか","pref":"岐阜県"},"geometry":{"type":"Point","coordinates":[136.980146,35.47432]}},{"type":"Feature","id":"michi_0622","properties":{"id":"michi_0622","name":"ロック・ガーデン ひちそう","pref":"岐阜県"},"geometry":{"type":"Point","coordinates":[137.11445,35.533911]}},{"type":"Feature","id":"michi_0623","properties":{"id":"michi_0623","name":"美濃白川","pref":"岐阜県"},"geometry":{"type":"Point","coordinates":[137.173861,35.604009]}},{"type":"Feature","id":"michi_0624","properties":{"id":"michi_0624","name":"清流白川 クオーレの里","pref":"岐阜県"},"geometry":{"type":"Point","coordinates":[137.218983,35.595447]}},{"type":"Feature","id":"michi_0625","properties":{"id":"michi_0625","name":"茶の里東白川","pref":"岐阜県"},"geometry":{"type":"Point","coordinates":[137.352421,35.667783]}},{"type":"Feature","id":"michi_0626","properties":{"id":"michi_0626","name":"白川郷","pref":"岐阜県"},"geometry":{"type":"Point","coordinates":[136.901539,36.278927]}},{"type":"Feature","id":"michi_0627","properties":{"id":"michi_0627","name":"飛騨白山","pref":"岐阜県"},"geometry":{"type":"Point","coordinates":[136.901648,36.17388]}},{"type":"Feature","id":"michi_0628","properties":{"id":"michi_0628","name":"宇津ノ谷峠","pref":"静岡県"},"geometry":{"type":"Point","coordinates":[138.300822,34.92545]}},{"type":"Feature","id":"michi_0629","properties":{"id":"michi_0629","name":"くんま水車の里","pref":"静岡県"},"geometry":{"type":"Point","coordinates":[137.733228,34.960824]}},{"type":"Feature","id":"michi_0630","properties":{"id":"michi_0630","name":"いっぷく処横川","pref":"静岡県"},"geometry":{"type":"Point","coordinates":[137.872054,34.905492]}},{"type":"Feature","id":"michi_0631","properties":{"id":"michi_0631","name":"天竜相津 花桃の里","pref":"静岡県"},"geometry":{"type":"Point","coordinates":[137.815006,34.911788]}},{"type":"Feature","id":"michi_0632","properties":{"id":"michi_0632","name":"くるら戸田","pref":"静岡県"},"geometry":{"type":"Point","coordinates":[138.7868,34.9713]}},{"type":"Feature","id":"michi_0633","properties":{"id":"michi_0633","name":"朝霧高原","pref":"静岡県"},"geometry":{"type":"Point","coordinates":[138.591292,35.413319]}},{"type":"Feature","id":"michi_0634","properties":{"id":"michi_0634","name":"伊東マリンタウン","pref":"静岡県"},"geometry":{"type":"Point","coordinates":[139.094386,34.984643]}},{"type":"Feature","id":"michi_0635","properties":{"id":"michi_0635","name":"川根温泉","pref":"静岡県"},"geometry":{"type":"Point","coordinates":[138.089691,34.959886]}},{"type":"Feature","id":"michi_0636","properties":{"id":"michi_0636","name":"富士","pref":"静岡県"},"geometry":{"type":"Point","coordinates":[138.647042,35.13341]}},{"type":"Feature","id":"michi_0637","properties":{"id":"michi_0637","name":"富士川楽座","pref":"静岡県"},"geometry":{"type":"Point","coordinates":[138.618619,35.161828]}},{"type":"Feature","id":"michi_0638","properties":{"id":"michi_0638","name":"掛川","pref":"静岡県"},"geometry":{"type":"Point","coordinates":[138.076064,34.794201]}},{"type":"Feature","id":"michi_0639","properties":{"id":"michi_0639","name":"玉露の里","pref":"静岡県"},"geometry":{"type":"Point","coordinates":[138.251558,34.950728]}},{"type":"Feature","id":"michi_0640","properties":{"id":"michi_0640","name":"開国下田みなと","pref":"静岡県"},"geometry":{"type":"Point","coordinates":[138.950877,34.67482]}},{"type":"Feature","id":"michi_0641","properties":{"id":"michi_0641","name":"潮見坂","pref":"静岡県"},"geometry":{"type":"Point","coordinates":[137.499227,34.677282]}},{"type":"Feature","id":"michi_0642","properties":{"id":"michi_0642","name":"天城越え","pref":"静岡県"},"geometry":{"type":"Point","coordinates":[138.921935,34.855828]}},{"type":"Feature","id":"michi_0643","properties":{"id":"michi_0643","name":"風のマルシェ 御前崎","pref":"静岡県"},"geometry":{"type":"Point","coordinates":[138.110751,34.640677]}},{"type":"Feature","id":"michi_0644","properties":{"id":"michi_0644","name":"伊豆のへそ","pref":"静岡県"},"geometry":{"type":"Point","coordinates":[138.941065,35.011785]}},{"type":"Feature","id":"michi_0645","properties":{"id":"michi_0645","name":"下賀茂温泉 湯の花","pref":"静岡県"},"geometry":{"type":"Point","coordinates":[138.86658,34.64971]}},{"type":"Feature","id":"michi_0646","properties":{"id":"michi_0646","name":"花の三聖苑伊豆松崎","pref":"静岡県"},"geometry":{"type":"Point","coordinates":[138.825399,34.757783]}},{"type":"Feature","id":"michi_0647","properties":{"id":"michi_0647","name":"伊豆ゲートウェイ函南","pref":"静岡県"},"geometry":{"type":"Point","coordinates":[138.926014,35.075604]}},{"type":"Feature","id":"michi_0648","properties":{"id":"michi_0648","name":"ふじおやま","pref":"静岡県"},"geometry":{"type":"Point","coordinates":[138.950084,35.344451]}},{"type":"Feature","id":"michi_0649","properties":{"id":"michi_0649","name":"すばしり","pref":"静岡県"},"geometry":{"type":"Point","coordinates":[138.858767,35.362702]}},{"type":"Feature","id":"michi_0650","properties":{"id":"michi_0650","name":"フォーレなかかわね茶茗舘","pref":"静岡県"},"geometry":{"type":"Point","coordinates":[138.107828,35.070447]}},{"type":"Feature","id":"michi_0651","properties":{"id":"michi_0651","name":"奥大井音戯の郷","pref":"静岡県"},"geometry":{"type":"Point","coordinates":[138.136842,35.108421]}},{"type":"Feature","id":"michi_0652","properties":{"id":"michi_0652","name":"藤川宿","pref":"愛知県"},"geometry":{"type":"Point","coordinates":[137.216854,34.914248]}},{"type":"Feature","id":"michi_0653","properties":{"id":"michi_0653","name":"瀬戸しなの","pref":"愛知県"},"geometry":{"type":"Point","coordinates":[137.115082,35.242348]}},{"type":"Feature","id":"michi_0654","properties":{"id":"michi_0654","name":"どんぐりの里 いなぶ","pref":"愛知県"},"geometry":{"type":"Point","coordinates":[137.503069,35.213905]}},{"type":"Feature","id":"michi_0655","properties":{"id":"michi_0655","name":"デンパーク安城","pref":"愛知県"},"geometry":{"type":"Point","coordinates":[137.058186,34.930514]}},{"type":"Feature","id":"michi_0656","properties":{"id":"michi_0656","name":"にしお岡ノ山","pref":"愛知県"},"geometry":{"type":"Point","coordinates":[137.083111,34.876796]}},{"type":"Feature","id":"michi_0657","properties":{"id":"michi_0657","name":"鳳来三河三石","pref":"愛知県"},"geometry":{"type":"Point","coordinates":[137.613393,34.902591]}},{"type":"Feature","id":"michi_0658","properties":{"id":"michi_0658","name":"つくで手作り村","pref":"愛知県"},"geometry":{"type":"Point","coordinates":[137.420692,34.963197]}},{"type":"Feature","id":"michi_0659","properties":{"id":"michi_0659","name":"もっくる新城","pref":"愛知県"},"geometry":{"type":"Point","coordinates":[137.5337,34.91757]}},{"type":"Feature","id":"michi_0660","properties":{"id":"michi_0660","name":"田原めっくんはうす","pref":"愛知県"},"geometry":{"type":"Point","coordinates":[137.272428,34.661362]}},{"type":"Feature","id":"michi_0661","properties":{"id":"michi_0661","name":"伊良湖クリスタルポルト","pref":"愛知県"},"geometry":{"type":"Point","coordinates":[137.020198,34.583626]}},{"type":"Feature","id":"michi_0662","properties":{"id":"michi_0662","name":"あかばねロコステーション","pref":"愛知県"},"geometry":{"type":"Point","coordinates":[137.189381,34.607778]}},{"type":"Feature","id":"michi_0663","properties":{"id":"michi_0663","name":"立田ふれあいの里","pref":"愛知県"},"geometry":{"type":"Point","coordinates":[136.694957,35.144291]}},{"type":"Feature","id":"michi_0664","properties":{"id":"michi_0664","name":"筆柿の里・幸田","pref":"愛知県"},"geometry":{"type":"Point","coordinates":[137.138304,34.848524]}},{"type":"Feature","id":"michi_0665","properties":{"id":"michi_0665","name":"つぐ高原グリーンパーク","pref":"愛知県"},"geometry":{"type":"Point","coordinates":[137.609167,35.197553]}},{"type":"Feature","id":"michi_0666","properties":{"id":"michi_0666","name":"アグリステーションなぐら","pref":"愛知県"},"geometry":{"type":"Point","coordinates":[137.534721,35.172967]}},{"type":"Feature","id":"michi_0667","properties":{"id":"michi_0667","name":"豊根グリーンポート宮嶋","pref":"愛知県"},"geometry":{"type":"Point","coordinates":[137.682677,35.179164]}},{"type":"Feature","id":"michi_0668","properties":{"id":"michi_0668","name":"美杉","pref":"三重県"},"geometry":{"type":"Point","coordinates":[136.306807,34.511676]}},{"type":"Feature","id":"michi_0669","properties":{"id":"michi_0669","name":"津かわげ","pref":"三重県"},"geometry":{"type":"Point","coordinates":[136.517991,34.796707]}},{"type":"Feature","id":"michi_0670","properties":{"id":"michi_0670","name":"飯高駅","pref":"三重県"},"geometry":{"type":"Point","coordinates":[136.331951,34.427567]}},{"type":"Feature","id":"michi_0671","properties":{"id":"michi_0671","name":"茶倉駅","pref":"三重県"},"geometry":{"type":"Point","coordinates":[136.398213,34.460376]}},{"type":"Feature","id":"michi_0672","properties":{"id":"michi_0672","name":"関宿","pref":"三重県"},"geometry":{"type":"Point","coordinates":[136.3927,34.849508]}},{"type":"Feature","id":"michi_0673","properties":{"id":"michi_0673","name":"熊野きのくに","pref":"三重県"},"geometry":{"type":"Point","coordinates":[136.104254,33.959915]}},{"type":"Feature","id":"michi_0674","properties":{"id":"michi_0674","name":"熊野・花の窟","pref":"三重県"},"geometry":{"type":"Point","coordinates":[136.092541,33.878939]}},{"type":"Feature","id":"michi_0675","properties":{"id":"michi_0675","name":"熊野・板屋 九郎兵衛の里","pref":"三重県"},"geometry":{"type":"Point","coordinates":[135.915236,33.876518]}},{"type":"Feature","id":"michi_0676","properties":{"id":"michi_0676","name":"伊勢志摩","pref":"三重県"},"geometry":{"type":"Point","coordinates":[136.798913,34.359461]}},{"type":"Feature","id":"michi_0677","properties":{"id":"michi_0677","name":"あやま","pref":"三重県"},"geometry":{"type":"Point","coordinates":[136.170996,34.844567]}},{"type":"Feature","id":"michi_0678","properties":{"id":"michi_0678","name":"いが","pref":"三重県"},"geometry":{"type":"Point","coordinates":[136.253402,34.837136]}},{"type":"Feature","id":"michi_0679","properties":{"id":"michi_0679","name":"菰野","pref":"三重県"},"geometry":{"type":"Point","coordinates":[136.503055,35.013663]}},{"type":"Feature","id":"michi_0680","properties":{"id":"michi_0680","name":"奥伊勢おおだい","pref":"三重県"},"geometry":{"type":"Point","coordinates":[136.408597,34.393871]}},{"type":"Feature","id":"michi_0681","properties":{"id":"michi_0681","name":"奥伊勢木つつ木館","pref":"三重県"},"geometry":{"type":"Point","coordinates":[136.418877,34.367591]}},{"type":"Feature","id":"michi_0682","properties":{"id":"michi_0682","name":"海山","pref":"三重県"},"geometry":{"type":"Point","coordinates":[136.214084,34.102363]}},{"type":"Feature","id":"michi_0683","properties":{"id":"michi_0683","name":"紀伊長島マンボウ","pref":"三重県"},"geometry":{"type":"Point","coordinates":[136.346659,34.217244]}},{"type":"Feature","id":"michi_0684","properties":{"id":"michi_0684","name":"パーク七里御浜","pref":"三重県"},"geometry":{"type":"Point","coordinates":[136.043105,33.803565]}},{"type":"Feature","id":"michi_0685","properties":{"id":"michi_0685","name":"紀宝町ウミガメ公園","pref":"三重県"},"geometry":{"type":"Point","coordinates":[136.028434,33.769819]}},{"type":"Feature","id":"michi_0686","properties":{"id":"michi_0686","name":"びわ湖大橋米プラザ","pref":"滋賀県"},"geometry":{"type":"Point","coordinates":[135.928183,35.124628]}},{"type":"Feature","id":"michi_0687","properties":{"id":"michi_0687","name":"妹子の郷","pref":"滋賀県"},"geometry":{"type":"Point","coordinates":[135.90155,35.159802]}},{"type":"Feature","id":"michi_0688","properties":{"id":"michi_0688","name":"湖北みずどりステーション","pref":"滋賀県"},"geometry":{"type":"Point","coordinates":[136.190765,35.445013]}},{"type":"Feature","id":"michi_0689","properties":{"id":"michi_0689","name":"塩津海道あぢかまの里","pref":"滋賀県"},"geometry":{"type":"Point","coordinates":[136.162805,35.520593]}},{"type":"Feature","id":"michi_0690","properties":{"id":"michi_0690","name":"浅井三姉妹の郷","pref":"滋賀県"},"geometry":{"type":"Point","coordinates":[136.305429,35.430051]}},{"type":"Feature","id":"michi_0691","properties":{"id":"michi_0691","name":"草津","pref":"滋賀県"},"geometry":{"type":"Point","coordinates":[135.939251,35.070032]}},{"type":"Feature","id":"michi_0692","properties":{"id":"michi_0692","name":"こんぜの里りっとう","pref":"滋賀県"},"geometry":{"type":"Point","coordinates":[136.03912,34.968382]}},{"type":"Feature","id":"michi_0693","properties":{"id":"michi_0693","name":"アグリの郷栗東","pref":"滋賀県"},"geometry":{"type":"Point","coordinates":[136.001537,35.038734]}},{"type":"Feature","id":"michi_0694","properties":{"id":"michi_0694","name":"あいの土山","pref":"滋賀県"},"geometry":{"type":"Point","coordinates":[136.295675,34.92779]}},{"type":"Feature","id":"michi_0695","properties":{"id":"michi_0695","name":"くつき新本陣","pref":"滋賀県"},"geometry":{"type":"Point","coordinates":[135.915648,35.351089]}},{"type":"Feature","id":"michi_0696","properties":{"id":"michi_0696","name":"しんあさひ風車村","pref":"滋賀県"},"geometry":{"type":"Point","coordinates":[136.067033,35.35045]}},{"type":"Feature","id":"michi_0697","properties":{"id":"michi_0697","name":"マキノ追坂峠","pref":"滋賀県"},"geometry":{"type":"Point","coordinates":[136.083039,35.481102]}},{"type":"Feature","id":"michi_0698","properties":{"id":"michi_0698","name":"藤樹の里あどがわ","pref":"滋賀県"},"geometry":{"type":"Point","coordinates":[136.030009,35.326199]}},{"type":"Feature","id":"michi_0699","properties":{"id":"michi_0699","name":"東近江市あいとうマーガレットステーション","pref":"滋賀県"},"geometry":{"type":"Point","coordinates":[136.258767,35.109719]}},{"type":"Feature","id":"michi_0700","properties":{"id":"michi_0700","name":"奥永源寺渓流の里","pref":"滋賀県"},"geometry":{"type":"Point","coordinates":[136.371792,35.105711]}},{"type":"Feature","id":"michi_0701","properties":{"id":"michi_0701","name":"近江母の郷","pref":"滋賀県"},"geometry":{"type":"Point","coordinates":[136.27773,35.343272]}},{"type":"Feature","id":"michi_0702","properties":{"id":"michi_0702","name":"伊吹の里","pref":"滋賀県"},"geometry":{"type":"Point","coordinates":[136.370985,35.396841]}},{"type":"Feature","id":"michi_0703","properties":{"id":"michi_0703","name":"竜王かがみの里","pref":"滋賀県"},"geometry":{"type":"Point","coordinates":[136.079297,35.085777]}},{"type":"Feature","id":"michi_0704","properties":{"id":"michi_0704","name":"アグリパーク竜王","pref":"滋賀県"},"geometry":{"type":"Point","coordinates":[136.145266,35.043655]}},{"type":"Feature","id":"michi_0705","properties":{"id":"michi_0705","name":"せせらぎの里こうら","pref":"滋賀県"},"geometry":{"type":"Point","coordinates":[136.275557,35.201844]}},{"type":"Feature","id":"michi_0706","properties":{"id":"michi_0706","name":"ウッディー京北","pref":"京都府"},"geometry":{"type":"Point","coordinates":[135.633108,35.155835]}},{"type":"Feature","id":"michi_0707","properties":{"id":"michi_0707","name":"農匠の郷やくの","pref":"京都府"},"geometry":{"type":"Point","coordinates":[134.929796,35.33837]}},{"type":"Feature","id":"michi_0708","properties":{"id":"michi_0708","name":"舞鶴港とれとれセンター","pref":"京都府"},"geometry":{"type":"Point","coordinates":[135.314507,35.450349]}},{"type":"Feature","id":"michi_0709","properties":{"id":"michi_0709","name":"海の京都 宮津","pref":"京都府"},"geometry":{"type":"Point","coordinates":[135.193979,35.538336]}},{"type":"Feature","id":"michi_0710","properties":{"id":"michi_0710","name":"ガレリアかめおか","pref":"京都府"},"geometry":{"type":"Point","coordinates":[135.566682,35.014544]}},{"type":"Feature","id":"michi_0711","properties":{"id":"michi_0711","name":"てんきてんき丹後","pref":"京都府"},"geometry":{"type":"Point","coordinates":[135.105239,35.739004]}},{"type":"Feature","id":"michi_0712","properties":{"id":"michi_0712","name":"丹後王国「食のみやこ」","pref":"京都府"},"geometry":{"type":"Point","coordinates":[135.068103,35.674655]}},{"type":"Feature","id":"michi_0713","properties":{"id":"michi_0713","name":"くみはまSANKAIKAN","pref":"京都府"},"geometry":{"type":"Point","coordinates":[134.931947,35.630467]}},{"type":"Feature","id":"michi_0714","properties":{"id":"michi_0714","name":"京都新光悦村","pref":"京都府"},"geometry":{"type":"Point","coordinates":[135.482213,35.123886]}},{"type":"Feature","id":"michi_0715","properties":{"id":"michi_0715","name":"美山ふれあい広場","pref":"京都府"},"geometry":{"type":"Point","coordinates":[135.588035,35.277121]}},{"type":"Feature","id":"michi_0716","properties":{"id":"michi_0716","name":"スプリングスひよし","pref":"京都府"},"geometry":{"type":"Point","coordinates":[135.51781,35.152424]}},{"type":"Feature","id":"michi_0717","properties":{"id":"michi_0717","name":"お茶の京都 みなみやましろ村","pref":"京都府"},"geometry":{"type":"Point","coordinates":[136.024007,34.765472]}},{"type":"Feature","id":"michi_0718","properties":{"id":"michi_0718","name":"和","pref":"京都府"},"geometry":{"type":"Point","coordinates":[135.397559,35.270249]}},{"type":"Feature","id":"michi_0719","properties":{"id":"michi_0719","name":"丹波マーケス","pref":"京都府"},"geometry":{"type":"Point","coordinates":[135.428705,35.154813]}},{"type":"Feature","id":"michi_0720","properties":{"id":"michi_0720","name":"瑞穂の里・さらびき","pref":"京都府"},"geometry":{"type":"Point","coordinates":[135.361385,35.1673]}},{"type":"Feature","id":"michi_0721","properties":{"id":"michi_0721","name":"京丹波 味夢の里","pref":"京都府"},"geometry":{"type":"Point","coordinates":[135.426755,35.149554]}},{"type":"Feature","id":"michi_0722","properties":{"id":"michi_0722","name":"舟屋の里伊根","pref":"京都府"},"geometry":{"type":"Point","coordinates":[135.291088,35.674635]}},{"type":"Feature","id":"michi_0723","properties":{"id":"michi_0723","name":"シルクのまち かや","pref":"京都府"},"geometry":{"type":"Point","coordinates":[135.093626,35.481558]}},{"type":"Feature","id":"michi_0724","properties":{"id":"michi_0724","name":"愛彩ランド","pref":"大阪府"},"geometry":{"type":"Point","coordinates":[135.42543,34.422556]}},{"type":"Feature","id":"michi_0725","properties":{"id":"michi_0725","name":"奥河内くろまろの郷","pref":"大阪府"},"geometry":{"type":"Point","coordinates":[135.551096,34.435966]}},{"type":"Feature","id":"michi_0726","properties":{"id":"michi_0726","name":"いずみ山愛の里","pref":"大阪府"},"geometry":{"type":"Point","coordinates":[135.483,34.423154]}},{"type":"Feature","id":"michi_0727","properties":{"id":"michi_0727","name":"しらとりの郷・羽曳野","pref":"大阪府"},"geometry":{"type":"Point","coordinates":[135.587747,34.533043]}},{"type":"Feature","id":"michi_0728","properties":{"id":"michi_0728","name":"能勢（くりの郷）","pref":"大阪府"},"geometry":{"type":"Point","coordinates":[135.400992,34.956657]}},{"type":"Feature","id":"michi_0729","properties":{"id":"michi_0729","name":"とっとパーク小島","pref":"大阪府"},"geometry":{"type":"Point","coordinates":[135.099919,34.31511]}},{"type":"Feature","id":"michi_0730","properties":{"id":"michi_0730","name":"みさき","pref":"大阪府"},"geometry":{"type":"Point","coordinates":[135.17379,34.325936]}},{"type":"Feature","id":"michi_0731","properties":{"id":"michi_0731","name":"近つ飛鳥の里太子","pref":"大阪府"},"geometry":{"type":"Point","coordinates":[135.658405,34.516787]}},{"type":"Feature","id":"michi_0732","properties":{"id":"michi_0732","name":"かなん","pref":"大阪府"},"geometry":{"type":"Point","coordinates":[135.617062,34.478438]}},{"type":"Feature","id":"michi_0733","properties":{"id":"michi_0733","name":"ちはやあかさか","pref":"大阪府"},"geometry":{"type":"Point","coordinates":[135.625936,34.464276]}},{"type":"Feature","id":"michi_0734","properties":{"id":"michi_0734","name":"淡河","pref":"兵庫県"},"geometry":{"type":"Point","coordinates":[135.097418,34.813904]}},{"type":"Feature","id":"michi_0735","properties":{"id":"michi_0735","name":"神戸フルーツ・フラワーパーク 大沢","pref":"兵庫県"},"geometry":{"type":"Point","coordinates":[135.190522,34.850249]}},{"type":"Feature","id":"michi_0736","properties":{"id":"michi_0736","name":"あいおい白龍城","pref":"兵庫県"},"geometry":{"type":"Point","coordinates":[134.461841,34.804286]}},{"type":"Feature","id":"michi_0737","properties":{"id":"michi_0737","name":"神鍋高原","pref":"兵庫県"},"geometry":{"type":"Point","coordinates":[134.675082,35.499]}},{"type":"Feature","id":"michi_0738","properties":{"id":"michi_0738","name":"北はりまエコミュージアム","pref":"兵庫県"},"geometry":{"type":"Point","coordinates":[134.987129,35.007794]}},{"type":"Feature","id":"michi_0739","properties":{"id":"michi_0739","name":"みき","pref":"兵庫県"},"geometry":{"type":"Point","coordinates":[134.977205,34.787342]}},{"type":"Feature","id":"michi_0740","properties":{"id":"michi_0740","name":"やぶ","pref":"兵庫県"},"geometry":{"type":"Point","coordinates":[134.815914,35.382421]}},{"type":"Feature","id":"michi_0741","properties":{"id":"michi_0741","name":"但馬楽座","pref":"兵庫県"},"geometry":{"type":"Point","coordinates":[134.783912,35.379318]}},{"type":"Feature","id":"michi_0742","properties":{"id":"michi_0742","name":"ようか但馬蔵","pref":"兵庫県"},"geometry":{"type":"Point","coordinates":[134.742487,35.393994]}},{"type":"Feature","id":"michi_0743","properties":{"id":"michi_0743","name":"あおがき","pref":"兵庫県"},"geometry":{"type":"Point","coordinates":[135.009844,35.241267]}},{"type":"Feature","id":"michi_0744","properties":{"id":"michi_0744","name":"丹波おばあちゃんの里","pref":"兵庫県"},"geometry":{"type":"Point","coordinates":[135.116725,35.166391]}},{"type":"Feature","id":"michi_0745","properties":{"id":"michi_0745","name":"うずしお","pref":"兵庫県"},"geometry":{"type":"Point","coordinates":[134.65978,34.242027]}},{"type":"Feature","id":"michi_0746","properties":{"id":"michi_0746","name":"福良","pref":"兵庫県"},"geometry":{"type":"Point","coordinates":[134.719256,34.25564]}},{"type":"Feature","id":"michi_0747","properties":{"id":"michi_0747","name":"あさご","pref":"兵庫県"},"geometry":{"type":"Point","coordinates":[134.803884,35.247009]}},{"type":"Feature","id":"michi_0748","properties":{"id":"michi_0748","name":"フレッシュあさご","pref":"兵庫県"},"geometry":{"type":"Point","coordinates":[134.794552,35.21267]}},{"type":"Feature","id":"michi_0749","properties":{"id":"michi_0749","name":"但馬のまほろば","pref":"兵庫県"},"geometry":{"type":"Point","coordinates":[134.870108,35.311303]}},{"type":"Feature","id":"michi_0750","properties":{"id":"michi_0750","name":"あわじ","pref":"兵庫県"},"geometry":{"type":"Point","coordinates":[135.00942,34.601354]}},{"type":"Feature","id":"michi_0751","properties":{"id":"michi_0751","name":"東浦ターミナルパーク","pref":"兵庫県"},"geometry":{"type":"Point","coordinates":[134.992378,34.537447]}},{"type":"Feature","id":"michi_0752","properties":{"id":"michi_0752","name":"はが","pref":"兵庫県"},"geometry":{"type":"Point","coordinates":[134.522188,35.201623]}},{"type":"Feature","id":"michi_0753","properties":{"id":"michi_0753","name":"ちくさ","pref":"兵庫県"},"geometry":{"type":"Point","coordinates":[134.441875,35.107958]}},{"type":"Feature","id":"michi_0754","properties":{"id":"michi_0754","name":"みなみ波賀","pref":"兵庫県"},"geometry":{"type":"Point","coordinates":[134.539822,35.148305]}},{"type":"Feature","id":"michi_0755","properties":{"id":"michi_0755","name":"播磨いちのみや","pref":"兵庫県"},"geometry":{"type":"Point","coordinates":[134.588208,35.088518]}},{"type":"Feature","id":"michi_0756","properties":{"id":"michi_0756","name":"とうじょう","pref":"兵庫県"},"geometry":{"type":"Point","coordinates":[135.075646,34.894079]}},{"type":"Feature","id":"michi_0757","properties":{"id":"michi_0757","name":"しんぐう","pref":"兵庫県"},"geometry":{"type":"Point","coordinates":[134.537084,34.922122]}},{"type":"Feature","id":"michi_0758","properties":{"id":"michi_0758","name":"みつ","pref":"兵庫県"},"geometry":{"type":"Point","coordinates":[134.523245,34.779899]}},{"type":"Feature","id":"michi_0759","properties":{"id":"michi_0759","name":"いながわ","pref":"兵庫県"},"geometry":{"type":"Point","coordinates":[135.351759,34.919343]}},{"type":"Feature","id":"michi_0760","properties":{"id":"michi_0760","name":"杉原紙の里・多可","pref":"兵庫県"},"geometry":{"type":"Point","coordinates":[134.930123,35.18896]}},{"type":"Feature","id":"michi_0761","properties":{"id":"michi_0761","name":"山田錦発祥のまち・多可","pref":"兵庫県"},"geometry":{"type":"Point","coordinates":[134.918762,35.059012]}},{"type":"Feature","id":"michi_0762","properties":{"id":"michi_0762","name":"銀の馬車道・神河","pref":"兵庫県"},"geometry":{"type":"Point","coordinates":[134.77821,35.091049]}},{"type":"Feature","id":"michi_0763","properties":{"id":"michi_0763","name":"宿場町ひらふく","pref":"兵庫県"},"geometry":{"type":"Point","coordinates":[134.369443,35.044789]}},{"type":"Feature","id":"michi_0764","properties":{"id":"michi_0764","name":"村岡ファームガーデン","pref":"兵庫県"},"geometry":{"type":"Point","coordinates":[134.602902,35.461843]}},{"type":"Feature","id":"michi_0765","properties":{"id":"michi_0765","name":"ハチ北","pref":"兵庫県"},"geometry":{"type":"Point","coordinates":[134.599809,35.411442]}},{"type":"Feature","id":"michi_0766","properties":{"id":"michi_0766","name":"あゆの里矢田川","pref":"兵庫県"},"geometry":{"type":"Point","coordinates":[134.570677,35.556569]}},{"type":"Feature","id":"michi_0767","properties":{"id":"michi_0767","name":"あまるべ","pref":"兵庫県"},"geometry":{"type":"Point","coordinates":[134.56012,35.649119]}},{"type":"Feature","id":"michi_0768","properties":{"id":"michi_0768","name":"山陰海岸ジオパーク浜坂の郷","pref":"兵庫県"},"geometry":{"type":"Point","coordinates":[134.469807,35.610649]}},{"type":"Feature","id":"michi_0769","properties":{"id":"michi_0769","name":"針Ｔ・Ｒ・Ｓ","pref":"奈良県"},"geometry":{"type":"Point","coordinates":[135.963208,34.610429]}},{"type":"Feature","id":"michi_0770","properties":{"id":"michi_0770","name":"吉野路 大塔","pref":"奈良県"},"geometry":{"type":"Point","coordinates":[135.732903,34.214249]}},{"type":"Feature","id":"michi_0771","properties":{"id":"michi_0771","name":"ふたかみパーク當麻","pref":"奈良県"},"geometry":{"type":"Point","coordinates":[135.693276,34.526508]}},{"type":"Feature","id":"michi_0772","properties":{"id":"michi_0772","name":"かつらぎ","pref":"奈良県"},"geometry":{"type":"Point","coordinates":[135.704788,34.495401]}},{"type":"Feature","id":"michi_0773","properties":{"id":"michi_0773","name":"宇陀路大宇陀","pref":"奈良県"},"geometry":{"type":"Point","coordinates":[135.932188,34.476073]}},{"type":"Feature","id":"michi_0774","properties":{"id":"michi_0774","name":"宇陀路室生","pref":"奈良県"},"geometry":{"type":"Point","coordinates":[136.034237,34.576544]}},{"type":"Feature","id":"michi_0775","properties":{"id":"michi_0775","name":"大和路へぐり","pref":"奈良県"},"geometry":{"type":"Point","coordinates":[135.706248,34.623538]}},{"type":"Feature","id":"michi_0776","properties":{"id":"michi_0776","name":"レスティ 唐古・鍵","pref":"奈良県"},"geometry":{"type":"Point","coordinates":[135.797418,34.571407]}},{"type":"Feature","id":"michi_0777","properties":{"id":"michi_0777","name":"伊勢本街道 御杖","pref":"奈良県"},"geometry":{"type":"Point","coordinates":[136.200081,34.515403]}},{"type":"Feature","id":"michi_0778","properties":{"id":"michi_0778","name":"飛鳥","pref":"奈良県"},"geometry":{"type":"Point","coordinates":[135.798611,34.464724]}},{"type":"Feature","id":"michi_0779","properties":{"id":"michi_0779","name":"吉野路 大淀ｉセンター","pref":"奈良県"},"geometry":{"type":"Point","coordinates":[135.796917,34.412209]}},{"type":"Feature","id":"michi_0780","properties":{"id":"michi_0780","name":"吉野路 黒滝","pref":"奈良県"},"geometry":{"type":"Point","coordinates":[135.822886,34.305987]}},{"type":"Feature","id":"michi_0781","properties":{"id":"michi_0781","name":"十津川郷","pref":"奈良県"},"geometry":{"type":"Point","coordinates":[135.793168,33.988284]}},{"type":"Feature","id":"michi_0782","properties":{"id":"michi_0782","name":"吉野路 上北山","pref":"奈良県"},"geometry":{"type":"Point","coordinates":[136.000117,34.139756]}},{"type":"Feature","id":"michi_0783","properties":{"id":"michi_0783","name":"杉の湯 川上","pref":"奈良県"},"geometry":{"type":"Point","coordinates":[135.954886,34.337041]}},{"type":"Feature","id":"michi_0784","properties":{"id":"michi_0784","name":"ふるさとセンター大塔","pref":"和歌山県"},"geometry":{"type":"Point","coordinates":[135.501854,33.742789]}},{"type":"Feature","id":"michi_0785","properties":{"id":"michi_0785","name":"龍神","pref":"和歌山県"},"geometry":{"type":"Point","coordinates":[135.564835,33.96546]}},{"type":"Feature","id":"michi_0786","properties":{"id":"michi_0786","name":"熊野古道中辺路","pref":"和歌山県"},"geometry":{"type":"Point","coordinates":[135.594971,33.81208]}},{"type":"Feature","id":"michi_0787","properties":{"id":"michi_0787","name":"紀州備長炭記念公園","pref":"和歌山県"},"geometry":{"type":"Point","coordinates":[135.427282,33.803251]}},{"type":"Feature","id":"michi_0788","properties":{"id":"michi_0788","name":"奥熊野古道ほんぐう","pref":"和歌山県"},"geometry":{"type":"Point","coordinates":[135.761985,33.865241]}},{"type":"Feature","id":"michi_0789","properties":{"id":"michi_0789","name":"水の郷日高川 龍游","pref":"和歌山県"},"geometry":{"type":"Point","coordinates":[135.439311,33.895542]}},{"type":"Feature","id":"michi_0790","properties":{"id":"michi_0790","name":"田辺市龍神ごまさんスカイタワー","pref":"和歌山県"},"geometry":{"type":"Point","coordinates":[135.564341,34.061127]}},{"type":"Feature","id":"michi_0791","properties":{"id":"michi_0791","name":"瀞峡街道熊野川","pref":"和歌山県"},"geometry":{"type":"Point","coordinates":[135.897097,33.791406]}},{"type":"Feature","id":"michi_0792","properties":{"id":"michi_0792","name":"青洲の里","pref":"和歌山県"},"geometry":{"type":"Point","coordinates":[135.441755,34.280741]}},{"type":"Feature","id":"michi_0793","properties":{"id":"michi_0793","name":"根来さくらの里","pref":"和歌山県"},"geometry":{"type":"Point","coordinates":[135.306998,34.311864]}},{"type":"Feature","id":"michi_0794","properties":{"id":"michi_0794","name":"ねごろ歴史の丘","pref":"和歌山県"},"geometry":{"type":"Point","coordinates":[135.311361,34.286813]}},{"type":"Feature","id":"michi_0795","properties":{"id":"michi_0795","name":"紀の川万葉の里","pref":"和歌山県"},"geometry":{"type":"Point","coordinates":[135.464531,34.28451]}},{"type":"Feature","id":"michi_0796","properties":{"id":"michi_0796","name":"かつらぎ西","pref":"和歌山県"},"geometry":{"type":"Point","coordinates":[135.473828,34.297741]}},{"type":"Feature","id":"michi_0797","properties":{"id":"michi_0797","name":"くしがきの里","pref":"和歌山県"},"geometry":{"type":"Point","coordinates":[135.477346,34.31829]}},{"type":"Feature","id":"michi_0798","properties":{"id":"michi_0798","name":"柿の郷くどやま","pref":"和歌山県"},"geometry":{"type":"Point","coordinates":[135.555557,34.2932]}},{"type":"Feature","id":"michi_0799","properties":{"id":"michi_0799","name":"しみず","pref":"和歌山県"},"geometry":{"type":"Point","coordinates":[135.44327,34.088245]}},{"type":"Feature","id":"michi_0800","properties":{"id":"michi_0800","name":"しらまの里","pref":"和歌山県"},"geometry":{"type":"Point","coordinates":[135.334465,34.015072]}},{"type":"Feature","id":"michi_0801","properties":{"id":"michi_0801","name":"明恵ふるさと館","pref":"和歌山県"},"geometry":{"type":"Point","coordinates":[135.262895,34.054079]}},{"type":"Feature","id":"michi_0802","properties":{"id":"michi_0802","name":"あらぎの里","pref":"和歌山県"},"geometry":{"type":"Point","coordinates":[135.412814,34.093046]}},{"type":"Feature","id":"michi_0803","properties":{"id":"michi_0803","name":"白崎海洋公園","pref":"和歌山県"},"geometry":{"type":"Point","coordinates":[135.069727,33.977345]}},{"type":"Feature","id":"michi_0804","properties":{"id":"michi_0804","name":"みなべうめ振興館","pref":"和歌山県"},"geometry":{"type":"Point","coordinates":[135.327078,33.790697]}},{"type":"Feature","id":"michi_0805","properties":{"id":"michi_0805","name":"San Pin 中津","pref":"和歌山県"},"geometry":{"type":"Point","coordinates":[135.263337,33.950318]}},{"type":"Feature","id":"michi_0806","properties":{"id":"michi_0806","name":"志原海岸","pref":"和歌山県"},"geometry":{"type":"Point","coordinates":[135.431421,33.570451]}},{"type":"Feature","id":"michi_0807","properties":{"id":"michi_0807","name":"椿はなの湯","pref":"和歌山県"},"geometry":{"type":"Point","coordinates":[135.391758,33.603276]}},{"type":"Feature","id":"michi_0808","properties":{"id":"michi_0808","name":"くちくまの","pref":"和歌山県"},"geometry":{"type":"Point","coordinates":[135.414569,33.691425]}},{"type":"Feature","id":"michi_0809","properties":{"id":"michi_0809","name":"イノブータンランド・すさみ","pref":"和歌山県"},"geometry":{"type":"Point","coordinates":[135.545723,33.519882]}},{"type":"Feature","id":"michi_0810","properties":{"id":"michi_0810","name":"すさみ","pref":"和歌山県"},"geometry":{"type":"Point","coordinates":[135.599887,33.505838]}},{"type":"Feature","id":"michi_0811","properties":{"id":"michi_0811","name":"なち","pref":"和歌山県"},"geometry":{"type":"Point","coordinates":[135.936672,33.644367]}},{"type":"Feature","id":"michi_0812","properties":{"id":"michi_0812","name":"たいじ","pref":"和歌山県"},"geometry":{"type":"Point","coordinates":[135.933713,33.592362]}},{"type":"Feature","id":"michi_0813","properties":{"id":"michi_0813","name":"一枚岩","pref":"和歌山県"},"geometry":{"type":"Point","coordinates":[135.720118,33.545947]}},{"type":"Feature","id":"michi_0814","properties":{"id":"michi_0814","name":"瀧之拝太郎","pref":"和歌山県"},"geometry":{"type":"Point","coordinates":[135.765646,33.601578]}},{"type":"Feature","id":"michi_0815","properties":{"id":"michi_0815","name":"虫喰岩","pref":"和歌山県"},"geometry":{"type":"Point","coordinates":[135.826121,33.539756]}},{"type":"Feature","id":"michi_0816","properties":{"id":"michi_0816","name":"おくとろ","pref":"和歌山県"},"geometry":{"type":"Point","coordinates":[135.946428,33.939828]}},{"type":"Feature","id":"michi_0817","properties":{"id":"michi_0817","name":"くしもと橋杭岩","pref":"和歌山県"},"geometry":{"type":"Point","coordinates":[135.794406,33.488152]}},{"type":"Feature","id":"michi_0818","properties":{"id":"michi_0818","name":"神話の里 白うさぎ","pref":"鳥取県"},"geometry":{"type":"Point","coordinates":[134.114316,35.525536]}},{"type":"Feature","id":"michi_0819","properties":{"id":"michi_0819","name":"清流茶屋 かわはら","pref":"鳥取県"},"geometry":{"type":"Point","coordinates":[134.202954,35.393122]}},{"type":"Feature","id":"michi_0820","properties":{"id":"michi_0820","name":"犬挟","pref":"鳥取県"},"geometry":{"type":"Point","coordinates":[133.7561,35.329304]}},{"type":"Feature","id":"michi_0821","properties":{"id":"michi_0821","name":"きなんせ岩美","pref":"鳥取県"},"geometry":{"type":"Point","coordinates":[134.325986,35.567411]}},{"type":"Feature","id":"michi_0822","properties":{"id":"michi_0822","name":"若桜","pref":"鳥取県"},"geometry":{"type":"Point","coordinates":[134.400272,35.343886]}},{"type":"Feature","id":"michi_0823","properties":{"id":"michi_0823","name":"はっとう","pref":"鳥取県"},"geometry":{"type":"Point","coordinates":[134.339563,35.366534]}},{"type":"Feature","id":"michi_0824","properties":{"id":"michi_0824","name":"三朝・楽市楽座","pref":"鳥取県"},"geometry":{"type":"Point","coordinates":[133.850308,35.366321]}},{"type":"Feature","id":"michi_0825","properties":{"id":"michi_0825","name":"はわい","pref":"鳥取県"},"geometry":{"type":"Point","coordinates":[133.890476,35.494298]}},{"type":"Feature","id":"michi_0826","properties":{"id":"michi_0826","name":"燕趙園","pref":"鳥取県"},"geometry":{"type":"Point","coordinates":[133.89264,35.464691]}},{"type":"Feature","id":"michi_0827","properties":{"id":"michi_0827","name":"ポート赤碕","pref":"鳥取県"},"geometry":{"type":"Point","coordinates":[133.662462,35.507059]}},{"type":"Feature","id":"michi_0828","properties":{"id":"michi_0828","name":"琴の浦","pref":"鳥取県"},"geometry":{"type":"Point","coordinates":[133.6585,35.502427]}},{"type":"Feature","id":"michi_0829","properties":{"id":"michi_0829","name":"大栄","pref":"鳥取県"},"geometry":{"type":"Point","coordinates":[133.76178,35.49874]}},{"type":"Feature","id":"michi_0830","properties":{"id":"michi_0830","name":"北条公園","pref":"鳥取県"},"geometry":{"type":"Point","coordinates":[133.819961,35.4982]}},{"type":"Feature","id":"michi_0831","properties":{"id":"michi_0831","name":"大山恵みの里","pref":"鳥取県"},"geometry":{"type":"Point","coordinates":[133.502081,35.504663]}},{"type":"Feature","id":"michi_0832","properties":{"id":"michi_0832","name":"にちなん日野川の郷","pref":"鳥取県"},"geometry":{"type":"Point","coordinates":[133.310933,35.170682]}},{"type":"Feature","id":"michi_0833","properties":{"id":"michi_0833","name":"奥大山","pref":"鳥取県"},"geometry":{"type":"Point","coordinates":[133.474076,35.29611]}},{"type":"Feature","id":"michi_0834","properties":{"id":"michi_0834","name":"秋鹿なぎさ公園","pref":"島根県"},"geometry":{"type":"Point","coordinates":[132.950724,35.474545]}},{"type":"Feature","id":"michi_0835","properties":{"id":"michi_0835","name":"本庄","pref":"島根県"},"geometry":{"type":"Point","coordinates":[133.136587,35.518244]}},{"type":"Feature","id":"michi_0836","properties":{"id":"michi_0836","name":"ゆうひパーク浜田","pref":"島根県"},"geometry":{"type":"Point","coordinates":[132.071246,34.889025]}},{"type":"Feature","id":"michi_0837","properties":{"id":"michi_0837","name":"ゆうひパーク三隅","pref":"島根県"},"geometry":{"type":"Point","coordinates":[131.976837,34.820353]}},{"type":"Feature","id":"michi_0838","properties":{"id":"michi_0838","name":"大社ご縁広場","pref":"島根県"},"geometry":{"type":"Point","coordinates":[132.686398,35.389226]}},{"type":"Feature","id":"michi_0839","properties":{"id":"michi_0839","name":"キララ多伎","pref":"島根県"},"geometry":{"type":"Point","coordinates":[132.632428,35.290726]}},{"type":"Feature","id":"michi_0840","properties":{"id":"michi_0840","name":"湯の川","pref":"島根県"},"geometry":{"type":"Point","coordinates":[132.869297,35.395672]}},{"type":"Feature","id":"michi_0841","properties":{"id":"michi_0841","name":"サンエイト美都","pref":"島根県"},"geometry":{"type":"Point","coordinates":[132.022132,34.68777]}},{"type":"Feature","id":"michi_0842","properties":{"id":"michi_0842","name":"匹見峡","pref":"島根県"},"geometry":{"type":"Point","coordinates":[132.091415,34.643441]}},{"type":"Feature","id":"michi_0843","properties":{"id":"michi_0843","name":"ロード銀山","pref":"島根県"},"geometry":{"type":"Point","coordinates":[132.514011,35.222053]}},{"type":"Feature","id":"michi_0844","properties":{"id":"michi_0844","name":"広瀬・富田城","pref":"島根県"},"geometry":{"type":"Point","coordinates":[133.180614,35.368338]}},{"type":"Feature","id":"michi_0845","properties":{"id":"michi_0845","name":"あらエッサ","pref":"島根県"},"geometry":{"type":"Point","coordinates":[133.312406,35.409548]}},{"type":"Feature","id":"michi_0846","properties":{"id":"michi_0846","name":"サンピコごうつ","pref":"島根県"},"geometry":{"type":"Point","coordinates":[132.29894,35.045125]}},{"type":"Feature","id":"michi_0847","properties":{"id":"michi_0847","name":"掛合の里","pref":"島根県"},"geometry":{"type":"Point","coordinates":[132.817038,35.210932]}},{"type":"Feature","id":"michi_0848","properties":{"id":"michi_0848","name":"さくらの里きすき","pref":"島根県"},"geometry":{"type":"Point","coordinates":[132.912142,35.318905]}},{"type":"Feature","id":"michi_0849","properties":{"id":"michi_0849","name":"おろちの里","pref":"島根県"},"geometry":{"type":"Point","coordinates":[132.962075,35.220303]}},{"type":"Feature","id":"michi_0850","properties":{"id":"michi_0850","name":"たたらば壱番地","pref":"島根県"},"geometry":{"type":"Point","coordinates":[132.830279,35.167018]}},{"type":"Feature","id":"michi_0851","properties":{"id":"michi_0851","name":"奥出雲おろちループ","pref":"島根県"},"geometry":{"type":"Point","coordinates":[133.127831,35.095954]}},{"type":"Feature","id":"michi_0852","properties":{"id":"michi_0852","name":"酒蔵奥出雲交流館","pref":"島根県"},"geometry":{"type":"Point","coordinates":[133.086772,35.227205]}},{"type":"Feature","id":"michi_0853","properties":{"id":"michi_0853","name":"頓原","pref":"島根県"},"geometry":{"type":"Point","coordinates":[132.785617,35.089786]}},{"type":"Feature","id":"michi_0854","properties":{"id":"michi_0854","name":"赤来高原","pref":"島根県"},"geometry":{"type":"Point","coordinates":[132.713808,34.999046]}},{"type":"Feature","id":"michi_0855","properties":{"id":"michi_0855","name":"インフォメーションセンターかわもと","pref":"島根県"},"geometry":{"type":"Point","coordinates":[132.47299,34.966]}},{"type":"Feature","id":"michi_0856","properties":{"id":"michi_0856","name":"グリーンロード大和","pref":"島根県"},"geometry":{"type":"Point","coordinates":[132.641738,34.967579]}},{"type":"Feature","id":"michi_0857","properties":{"id":"michi_0857","name":"瑞穂","pref":"島根県"},"geometry":{"type":"Point","coordinates":[132.51885,34.854446]}},{"type":"Feature","id":"michi_0858","properties":{"id":"michi_0858","name":"シルクウェイにちはら","pref":"島根県"},"geometry":{"type":"Point","coordinates":[131.808066,34.553541]}},{"type":"Feature","id":"michi_0859","properties":{"id":"michi_0859","name":"津和野温泉なごみの里","pref":"島根県"},"geometry":{"type":"Point","coordinates":[131.760771,34.450178]}},{"type":"Feature","id":"michi_0860","properties":{"id":"michi_0860","name":"かきのきむら","pref":"島根県"},"geometry":{"type":"Point","coordinates":[131.867742,34.442285]}},{"type":"Feature","id":"michi_0861","properties":{"id":"michi_0861","name":"むいかいち温泉","pref":"島根県"},"geometry":{"type":"Point","coordinates":[131.943843,34.35291]}},{"type":"Feature","id":"michi_0862","properties":{"id":"michi_0862","name":"久米の里","pref":"岡山県"},"geometry":{"type":"Point","coordinates":[133.922895,35.056042]}},{"type":"Feature","id":"michi_0863","properties":{"id":"michi_0863","name":"みやま公園","pref":"岡山県"},"geometry":{"type":"Point","coordinates":[133.926904,34.520201]}},{"type":"Feature","id":"michi_0864","properties":{"id":"michi_0864","name":"笠岡ベイファーム","pref":"岡山県"},"geometry":{"type":"Point","coordinates":[133.500244,34.473317]}},{"type":"Feature","id":"michi_0865","properties":{"id":"michi_0865","name":"鯉が窪","pref":"岡山県"},"geometry":{"type":"Point","coordinates":[133.331722,34.93205]}},{"type":"Feature","id":"michi_0866","properties":{"id":"michi_0866","name":"一本松展望園","pref":"岡山県"},"geometry":{"type":"Point","coordinates":[134.165713,34.65636]}},{"type":"Feature","id":"michi_0867","properties":{"id":"michi_0867","name":"黒井山グリーンパーク","pref":"岡山県"},"geometry":{"type":"Point","coordinates":[134.20531,34.693559]}},{"type":"Feature","id":"michi_0868","properties":{"id":"michi_0868","name":"蒜山高原","pref":"岡山県"},"geometry":{"type":"Point","coordinates":[133.66756,35.294904]}},{"type":"Feature","id":"michi_0869","properties":{"id":"michi_0869","name":"風の家","pref":"岡山県"},"geometry":{"type":"Point","coordinates":[133.623942,35.276831]}},{"type":"Feature","id":"michi_0870","properties":{"id":"michi_0870","name":"醍醐の里","pref":"岡山県"},"geometry":{"type":"Point","coordinates":[133.725533,34.99104]}},{"type":"Feature","id":"michi_0871","properties":{"id":"michi_0871","name":"彩菜茶屋","pref":"岡山県"},"geometry":{"type":"Point","coordinates":[134.150897,35.014721]}},{"type":"Feature","id":"michi_0872","properties":{"id":"michi_0872","name":"メルヘンの里新庄","pref":"岡山県"},"geometry":{"type":"Point","coordinates":[133.571876,35.175467]}},{"type":"Feature","id":"michi_0873","properties":{"id":"michi_0873","name":"奥津温泉","pref":"岡山県"},"geometry":{"type":"Point","coordinates":[133.922855,35.223386]}},{"type":"Feature","id":"michi_0874","properties":{"id":"michi_0874","name":"あわくらんど","pref":"岡山県"},"geometry":{"type":"Point","coordinates":[134.33522,35.180196]}},{"type":"Feature","id":"michi_0875","properties":{"id":"michi_0875","name":"くめなん","pref":"岡山県"},"geometry":{"type":"Point","coordinates":[133.947028,34.912267]}},{"type":"Feature","id":"michi_0876","properties":{"id":"michi_0876","name":"かもがわ円城","pref":"岡山県"},"geometry":{"type":"Point","coordinates":[133.813971,34.892286]}},{"type":"Feature","id":"michi_0877","properties":{"id":"michi_0877","name":"かよう","pref":"岡山県"},"geometry":{"type":"Point","coordinates":[133.705327,34.816441]}},{"type":"Feature","id":"michi_0878","properties":{"id":"michi_0878","name":"たけはら","pref":"広島県"},"geometry":{"type":"Point","coordinates":[132.912168,34.343938]}},{"type":"Feature","id":"michi_0879","properties":{"id":"michi_0879","name":"よがんす白竜","pref":"広島県"},"geometry":{"type":"Point","coordinates":[132.913945,34.506471]}},{"type":"Feature","id":"michi_0880","properties":{"id":"michi_0880","name":"みはら神明の里","pref":"広島県"},"geometry":{"type":"Point","coordinates":[133.103886,34.396828]}},{"type":"Feature","id":"michi_0881","properties":{"id":"michi_0881","name":"クロスロードみつぎ","pref":"広島県"},"geometry":{"type":"Point","coordinates":[133.144662,34.511516]}},{"type":"Feature","id":"michi_0882","properties":{"id":"michi_0882","name":"アリストぬまくま","pref":"広島県"},"geometry":{"type":"Point","coordinates":[133.317308,34.394684]}},{"type":"Feature","id":"michi_0883","properties":{"id":"michi_0883","name":"びんご府中","pref":"広島県"},"geometry":{"type":"Point","coordinates":[133.235633,34.56977]}},{"type":"Feature","id":"michi_0884","properties":{"id":"michi_0884","name":"ゆめランド布野","pref":"広島県"},"geometry":{"type":"Point","coordinates":[132.797055,34.85579]}},{"type":"Feature","id":"michi_0885","properties":{"id":"michi_0885","name":"ふぉレスト君田","pref":"広島県"},"geometry":{"type":"Point","coordinates":[132.849485,34.899067]}},{"type":"Feature","id":"michi_0886","properties":{"id":"michi_0886","name":"リストアステーション","pref":"広島県"},"geometry":{"type":"Point","coordinates":[133.071314,34.784591]}},{"type":"Feature","id":"michi_0887","properties":{"id":"michi_0887","name":"遊YOUさろん東城","pref":"広島県"},"geometry":{"type":"Point","coordinates":[133.275712,34.88967]}},{"type":"Feature","id":"michi_0888","properties":{"id":"michi_0888","name":"たかの","pref":"広島県"},"geometry":{"type":"Point","coordinates":[132.881598,35.024058]}},{"type":"Feature","id":"michi_0889","properties":{"id":"michi_0889","name":"湖畔の里福富","pref":"広島県"},"geometry":{"type":"Point","coordinates":[132.775986,34.532233]}},{"type":"Feature","id":"michi_0890","properties":{"id":"michi_0890","name":"スパ羅漢","pref":"広島県"},"geometry":{"type":"Point","coordinates":[132.104251,34.389119]}},{"type":"Feature","id":"michi_0891","properties":{"id":"michi_0891","name":"北の関宿安芸高田","pref":"広島県"},"geometry":{"type":"Point","coordinates":[132.681051,34.72105]}},{"type":"Feature","id":"michi_0892","properties":{"id":"michi_0892","name":"来夢とごうち","pref":"広島県"},"geometry":{"type":"Point","coordinates":[132.269829,34.574415]}},{"type":"Feature","id":"michi_0893","properties":{"id":"michi_0893","name":"豊平どんぐり村","pref":"広島県"},"geometry":{"type":"Point","coordinates":[132.444698,34.646858]}},{"type":"Feature","id":"michi_0894","properties":{"id":"michi_0894","name":"舞ロードIC千代田","pref":"広島県"},"geometry":{"type":"Point","coordinates":[132.541233,34.674541]}},{"type":"Feature","id":"michi_0895","properties":{"id":"michi_0895","name":"世羅","pref":"広島県"},"geometry":{"type":"Point","coordinates":[133.0841,34.59638]}},{"type":"Feature","id":"michi_0896","properties":{"id":"michi_0896","name":"さんわ182ステーション","pref":"広島県"},"geometry":{"type":"Point","coordinates":[133.299869,34.673486]}},{"type":"Feature","id":"michi_0897","properties":{"id":"michi_0897","name":"きくがわ","pref":"山口県"},"geometry":{"type":"Point","coordinates":[131.031689,34.126247]}},{"type":"Feature","id":"michi_0898","properties":{"id":"michi_0898","name":"蛍街道西ノ市","pref":"山口県"},"geometry":{"type":"Point","coordinates":[131.076731,34.198396]}},{"type":"Feature","id":"michi_0899","properties":{"id":"michi_0899","name":"北浦街道 豊北","pref":"山口県"},"geometry":{"type":"Point","coordinates":[130.88867,34.310399]}},{"type":"Feature","id":"michi_0900","properties":{"id":"michi_0900","name":"あいお","pref":"山口県"},"geometry":{"type":"Point","coordinates":[131.457246,34.028805]}},{"type":"Feature","id":"michi_0901","properties":{"id":"michi_0901","name":"長門峡","pref":"山口県"},"geometry":{"type":"Point","coordinates":[131.576276,34.303135]}},{"type":"Feature","id":"michi_0902","properties":{"id":"michi_0902","name":"仁保の郷","pref":"山口県"},"geometry":{"type":"Point","coordinates":[131.559363,34.21091]}},{"type":"Feature","id":"michi_0903","properties":{"id":"michi_0903","name":"願成就温泉","pref":"山口県"},"geometry":{"type":"Point","coordinates":[131.770512,34.434433]}},{"type":"Feature","id":"michi_0904","properties":{"id":"michi_0904","name":"きらら あじす","pref":"山口県"},"geometry":{"type":"Point","coordinates":[131.369561,34.012855]}},{"type":"Feature","id":"michi_0905","properties":{"id":"michi_0905","name":"萩往還","pref":"山口県"},"geometry":{"type":"Point","coordinates":[131.413065,34.369527]}},{"type":"Feature","id":"michi_0906","properties":{"id":"michi_0906","name":"あさひ","pref":"山口県"},"geometry":{"type":"Point","coordinates":[131.459512,34.286296]}},{"type":"Feature","id":"michi_0907","properties":{"id":"michi_0907","name":"ゆとりパークたまがわ","pref":"山口県"},"geometry":{"type":"Point","coordinates":[131.665035,34.648504]}},{"type":"Feature","id":"michi_0908","properties":{"id":"michi_0908","name":"ハピネスふくえ","pref":"山口県"},"geometry":{"type":"Point","coordinates":[131.48264,34.433908]}},{"type":"Feature","id":"michi_0909","properties":{"id":"michi_0909","name":"萩しーまーと","pref":"山口県"},"geometry":{"type":"Point","coordinates":[131.414621,34.426246]}},{"type":"Feature","id":"michi_0910","properties":{"id":"michi_0910","name":"うり坊の郷katamata","pref":"山口県"},"geometry":{"type":"Point","coordinates":[131.632274,34.483226]}},{"type":"Feature","id":"michi_0911","properties":{"id":"michi_0911","name":"萩・さんさん三見","pref":"山口県"},"geometry":{"type":"Point","coordinates":[131.321968,34.38893]}},{"type":"Feature","id":"michi_0912","properties":{"id":"michi_0912","name":"潮彩市場防府","pref":"山口県"},"geometry":{"type":"Point","coordinates":[131.597679,34.038071]}},{"type":"Feature","id":"michi_0913","properties":{"id":"michi_0913","name":"ピュアラインにしき","pref":"山口県"},"geometry":{"type":"Point","coordinates":[131.969537,34.278396]}},{"type":"Feature","id":"michi_0914","properties":{"id":"michi_0914","name":"センザキッチン","pref":"山口県"},"geometry":{"type":"Point","coordinates":[131.202713,34.388466]}},{"type":"Feature","id":"michi_0915","properties":{"id":"michi_0915","name":"おふく","pref":"山口県"},"geometry":{"type":"Point","coordinates":[131.208496,34.237947]}},{"type":"Feature","id":"michi_0916","properties":{"id":"michi_0916","name":"みとう","pref":"山口県"},"geometry":{"type":"Point","coordinates":[131.343934,34.218183]}},{"type":"Feature","id":"michi_0917","properties":{"id":"michi_0917","name":"ソレーネ周南","pref":"山口県"},"geometry":{"type":"Point","coordinates":[131.688204,34.074899]}},{"type":"Feature","id":"michi_0918","properties":{"id":"michi_0918","name":"サザンセトとうわ","pref":"山口県"},"geometry":{"type":"Point","coordinates":[132.341715,33.904161]}},{"type":"Feature","id":"michi_0919","properties":{"id":"michi_0919","name":"上関海峡","pref":"山口県"},"geometry":{"type":"Point","coordinates":[132.11652,33.833004]}},{"type":"Feature","id":"michi_0920","properties":{"id":"michi_0920","name":"阿武町","pref":"山口県"},"geometry":{"type":"Point","coordinates":[131.468069,34.497119]}},{"type":"Feature","id":"michi_0921","properties":{"id":"michi_0921","name":"第九の里","pref":"徳島県"},"geometry":{"type":"Point","coordinates":[134.498814,34.16389]}},{"type":"Feature","id":"michi_0922","properties":{"id":"michi_0922","name":"公方の郷なかがわ","pref":"徳島県"},"geometry":{"type":"Point","coordinates":[134.667814,33.952932]}},{"type":"Feature","id":"michi_0923","properties":{"id":"michi_0923","name":"どなり","pref":"徳島県"},"geometry":{"type":"Point","coordinates":[134.352444,34.150942]}},{"type":"Feature","id":"michi_0924","properties":{"id":"michi_0924","name":"藍ランドうだつ","pref":"徳島県"},"geometry":{"type":"Point","coordinates":[134.146514,34.066975]}},{"type":"Feature","id":"michi_0925","properties":{"id":"michi_0925","name":"みまの里","pref":"徳島県"},"geometry":{"type":"Point","coordinates":[134.05889,34.050557]}},{"type":"Feature","id":"michi_0926","properties":{"id":"michi_0926","name":"にしいや","pref":"徳島県"},"geometry":{"type":"Point","coordinates":[133.811312,33.889169]}},{"type":"Feature","id":"michi_0927","properties":{"id":"michi_0927","name":"三野","pref":"徳島県"},"geometry":{"type":"Point","coordinates":[133.932482,34.050487]}},{"type":"Feature","id":"michi_0928","properties":{"id":"michi_0928","name":"大歩危","pref":"徳島県"},"geometry":{"type":"Point","coordinates":[133.76004,33.881363]}},{"type":"Feature","id":"michi_0929","properties":{"id":"michi_0929","name":"ひなの里かつうら","pref":"徳島県"},"geometry":{"type":"Point","coordinates":[134.522832,33.932192]}},{"type":"Feature","id":"michi_0930","properties":{"id":"michi_0930","name":"温泉の里神山","pref":"徳島県"},"geometry":{"type":"Point","coordinates":[134.367684,33.973568]}},{"type":"Feature","id":"michi_0931","properties":{"id":"michi_0931","name":"鷲の里","pref":"徳島県"},"geometry":{"type":"Point","coordinates":[134.502284,33.863199]}},{"type":"Feature","id":"michi_0932","properties":{"id":"michi_0932","name":"わじき","pref":"徳島県"},"geometry":{"type":"Point","coordinates":[134.554696,33.869008]}},{"type":"Feature","id":"michi_0933","properties":{"id":"michi_0933","name":"もみじ川温泉","pref":"徳島県"},"geometry":{"type":"Point","coordinates":[134.446217,33.797698]}},{"type":"Feature","id":"michi_0934","properties":{"id":"michi_0934","name":"日和佐","pref":"徳島県"},"geometry":{"type":"Point","coordinates":[134.530247,33.73029]}},{"type":"Feature","id":"michi_0935","properties":{"id":"michi_0935","name":"宍喰温泉","pref":"徳島県"},"geometry":{"type":"Point","coordinates":[134.307283,33.569063]}},{"type":"Feature","id":"michi_0936","properties":{"id":"michi_0936","name":"貞光ゆうゆう館","pref":"徳島県"},"geometry":{"type":"Point","coordinates":[134.06003,34.042626]}},{"type":"Feature","id":"michi_0937","properties":{"id":"michi_0937","name":"しおのえ","pref":"香川県"},"geometry":{"type":"Point","coordinates":[134.082067,34.170204]}},{"type":"Feature","id":"michi_0938","properties":{"id":"michi_0938","name":"香南楽湯","pref":"香川県"},"geometry":{"type":"Point","coordinates":[134.007288,34.239419]}},{"type":"Feature","id":"michi_0939","properties":{"id":"michi_0939","name":"源平の里むれ","pref":"香川県"},"geometry":{"type":"Point","coordinates":[134.157497,34.333725]}},{"type":"Feature","id":"michi_0940","properties":{"id":"michi_0940","name":"瀬戸大橋記念公園","pref":"香川県"},"geometry":{"type":"Point","coordinates":[133.826128,34.352689]}},{"type":"Feature","id":"michi_0941","properties":{"id":"michi_0941","name":"ことひき","pref":"香川県"},"geometry":{"type":"Point","coordinates":[133.643716,34.130599]}},{"type":"Feature","id":"michi_0942","properties":{"id":"michi_0942","name":"とよはま","pref":"香川県"},"geometry":{"type":"Point","coordinates":[133.601307,34.042768]}},{"type":"Feature","id":"michi_0943","properties":{"id":"michi_0943","name":"津田の松原","pref":"香川県"},"geometry":{"type":"Point","coordinates":[134.253249,34.285271]}},{"type":"Feature","id":"michi_0944","properties":{"id":"michi_0944","name":"みろく","pref":"香川県"},"geometry":{"type":"Point","coordinates":[134.242466,34.25819]}},{"type":"Feature","id":"michi_0945","properties":{"id":"michi_0945","name":"ながお","pref":"香川県"},"geometry":{"type":"Point","coordinates":[134.175,34.22136]}},{"type":"Feature","id":"michi_0946","properties":{"id":"michi_0946","name":"ふれあいパークみの","pref":"香川県"},"geometry":{"type":"Point","coordinates":[133.722855,34.226348]}},{"type":"Feature","id":"michi_0947","properties":{"id":"michi_0947","name":"たからだの里さいた","pref":"香川県"},"geometry":{"type":"Point","coordinates":[133.796699,34.109652]}},{"type":"Feature","id":"michi_0948","properties":{"id":"michi_0948","name":"大坂城残石記念公園","pref":"香川県"},"geometry":{"type":"Point","coordinates":[134.242185,34.533907]}},{"type":"Feature","id":"michi_0949","properties":{"id":"michi_0949","name":"小豆島オリーブ公園","pref":"香川県"},"geometry":{"type":"Point","coordinates":[134.27364,34.472848]}},{"type":"Feature","id":"michi_0950","properties":{"id":"michi_0950","name":"小豆島ふるさと村","pref":"香川県"},"geometry":{"type":"Point","coordinates":[134.236154,34.471019]}},{"type":"Feature","id":"michi_0951","properties":{"id":"michi_0951","name":"恋人の聖地 うたづ臨海公園","pref":"香川県"},"geometry":{"type":"Point","coordinates":[133.807966,34.313388]}},{"type":"Feature","id":"michi_0952","properties":{"id":"michi_0952","name":"滝宮","pref":"香川県"},"geometry":{"type":"Point","coordinates":[133.917359,34.249777]}},{"type":"Feature","id":"michi_0953","properties":{"id":"michi_0953","name":"空の夢もみの木パーク","pref":"香川県"},"geometry":{"type":"Point","coordinates":[133.821551,34.15485]}},{"type":"Feature","id":"michi_0954","properties":{"id":"michi_0954","name":"ことなみ","pref":"香川県"},"geometry":{"type":"Point","coordinates":[134.007744,34.095094]}},{"type":"Feature","id":"michi_0955","properties":{"id":"michi_0955","name":"風早の郷風和里","pref":"愛媛県"},"geometry":{"type":"Point","coordinates":[132.772282,33.996706]}},{"type":"Feature","id":"michi_0956","properties":{"id":"michi_0956","name":"今治湯ノ浦温泉","pref":"愛媛県"},"geometry":{"type":"Point","coordinates":[133.048412,33.992858]}},{"type":"Feature","id":"michi_0957","properties":{"id":"michi_0957","name":"伯方S・Cパーク","pref":"愛媛県"},"geometry":{"type":"Point","coordinates":[133.075515,34.202813]}},{"type":"Feature","id":"michi_0958","properties":{"id":"michi_0958","name":"今治市多々羅しまなみ公園","pref":"愛媛県"},"geometry":{"type":"Point","coordinates":[133.054506,34.254848]}},{"type":"Feature","id":"michi_0959","properties":{"id":"michi_0959","name":"しまなみの駅御島","pref":"愛媛県"},"geometry":{"type":"Point","coordinates":[133.005253,34.248962]}},{"type":"Feature","id":"michi_0960","properties":{"id":"michi_0960","name":"よしうみいきいき館","pref":"愛媛県"},"geometry":{"type":"Point","coordinates":[133.021945,34.12747]}},{"type":"Feature","id":"michi_0961","properties":{"id":"michi_0961","name":"みま","pref":"愛媛県"},"geometry":{"type":"Point","coordinates":[132.596014,33.286348]}},{"type":"Feature","id":"michi_0962","properties":{"id":"michi_0962","name":"うわじま きさいや広場","pref":"愛媛県"},"geometry":{"type":"Point","coordinates":[132.558235,33.222423]}},{"type":"Feature","id":"michi_0963","properties":{"id":"michi_0963","name":"津島やすらぎの里","pref":"愛媛県"},"geometry":{"type":"Point","coordinates":[132.520302,33.139682]}},{"type":"Feature","id":"michi_0964","properties":{"id":"michi_0964","name":"八幡浜みなっと","pref":"愛媛県"},"geometry":{"type":"Point","coordinates":[132.418138,33.458163]}},{"type":"Feature","id":"michi_0965","properties":{"id":"michi_0965","name":"マイントピア別子","pref":"愛媛県"},"geometry":{"type":"Point","coordinates":[133.309856,33.901924]}},{"type":"Feature","id":"michi_0966","properties":{"id":"michi_0966","name":"小松オアシス","pref":"愛媛県"},"geometry":{"type":"Point","coordinates":[133.107622,33.883689]}},{"type":"Feature","id":"michi_0967","properties":{"id":"michi_0967","name":"清流の里ひじかわ","pref":"愛媛県"},"geometry":{"type":"Point","coordinates":[132.676699,33.461122]}},{"type":"Feature","id":"michi_0968","properties":{"id":"michi_0968","name":"ふたみ","pref":"愛媛県"},"geometry":{"type":"Point","coordinates":[132.634032,33.685118]}},{"type":"Feature","id":"michi_0969","properties":{"id":"michi_0969","name":"なかやま","pref":"愛媛県"},"geometry":{"type":"Point","coordinates":[132.695,33.669723]}},{"type":"Feature","id":"michi_0970","properties":{"id":"michi_0970","name":"霧の森","pref":"愛媛県"},"geometry":{"type":"Point","coordinates":[133.64111,33.924187]}},{"type":"Feature","id":"michi_0971","properties":{"id":"michi_0971","name":"きなはい屋しろかわ","pref":"愛媛県"},"geometry":{"type":"Point","coordinates":[132.749358,33.379789]}},{"type":"Feature","id":"michi_0972","properties":{"id":"michi_0972","name":"どんぶり館","pref":"愛媛県"},"geometry":{"type":"Point","coordinates":[132.527136,33.354977]}},{"type":"Feature","id":"michi_0973","properties":{"id":"michi_0973","name":"みかわ","pref":"愛媛県"},"geometry":{"type":"Point","coordinates":[132.969656,33.614533]}},{"type":"Feature","id":"michi_0974","properties":{"id":"michi_0974","name":"天空の郷さんさん","pref":"愛媛県"},"geometry":{"type":"Point","coordinates":[132.898713,33.661136]}},{"type":"Feature","id":"michi_0975","properties":{"id":"michi_0975","name":"ひろた","pref":"愛媛県"},"geometry":{"type":"Point","coordinates":[132.799821,33.640379]}},{"type":"Feature","id":"michi_0976","properties":{"id":"michi_0976","name":"内子フレッシュパークからり","pref":"愛媛県"},"geometry":{"type":"Point","coordinates":[132.65829,33.554906]}},{"type":"Feature","id":"michi_0977","properties":{"id":"michi_0977","name":"小田の郷せせらぎ","pref":"愛媛県"},"geometry":{"type":"Point","coordinates":[132.800752,33.568504]}},{"type":"Feature","id":"michi_0978","properties":{"id":"michi_0978","name":"瀬戸農業公園","pref":"愛媛県"},"geometry":{"type":"Point","coordinates":[132.258089,33.447456]}},{"type":"Feature","id":"michi_0979","properties":{"id":"michi_0979","name":"伊方きらら館","pref":"愛媛県"},"geometry":{"type":"Point","coordinates":[132.307546,33.480894]}},{"type":"Feature","id":"michi_0980","properties":{"id":"michi_0980","name":"虹の森公園まつの","pref":"愛媛県"},"geometry":{"type":"Point","coordinates":[132.709493,33.229785]}},{"type":"Feature","id":"michi_0981","properties":{"id":"michi_0981","name":"日吉夢産地","pref":"愛媛県"},"geometry":{"type":"Point","coordinates":[132.798245,33.330234]}},{"type":"Feature","id":"michi_0982","properties":{"id":"michi_0982","name":"広見森の三角ぼうし","pref":"愛媛県"},"geometry":{"type":"Point","coordinates":[132.687127,33.253857]}},{"type":"Feature","id":"michi_0983","properties":{"id":"michi_0983","name":"みしょうMIC","pref":"愛媛県"},"geometry":{"type":"Point","coordinates":[132.561599,32.95878]}},{"type":"Feature","id":"michi_0984","properties":{"id":"michi_0984","name":"キラメッセ室戸","pref":"高知県"},"geometry":{"type":"Point","coordinates":[134.11021,33.30643]}},{"type":"Feature","id":"michi_0985","properties":{"id":"michi_0985","name":"大山","pref":"高知県"},"geometry":{"type":"Point","coordinates":[133.944069,33.4701]}},{"type":"Feature","id":"michi_0986","properties":{"id":"michi_0986","name":"南国風良里","pref":"高知県"},"geometry":{"type":"Point","coordinates":[133.642152,33.6112]}},{"type":"Feature","id":"michi_0987","properties":{"id":"michi_0987","name":"かわうその里すさき","pref":"高知県"},"geometry":{"type":"Point","coordinates":[133.274677,33.38766]}},{"type":"Feature","id":"michi_0988","properties":{"id":"michi_0988","name":"すくも","pref":"高知県"},"geometry":{"type":"Point","coordinates":[132.712529,32.916165]}},{"type":"Feature","id":"michi_0989","properties":{"id":"michi_0989","name":"めじかの里土佐清水","pref":"高知県"},"geometry":{"type":"Point","coordinates":[132.883186,32.793514]}},{"type":"Feature","id":"michi_0990","properties":{"id":"michi_0990","name":"よって西土佐","pref":"高知県"},"geometry":{"type":"Point","coordinates":[132.7891,33.173256]}},{"type":"Feature","id":"michi_0991","properties":{"id":"michi_0991","name":"やす","pref":"高知県"},"geometry":{"type":"Point","coordinates":[133.753852,33.534137]}},{"type":"Feature","id":"michi_0992","properties":{"id":"michi_0992","name":"美良布","pref":"高知県"},"geometry":{"type":"Point","coordinates":[133.782498,33.648147]}},{"type":"Feature","id":"michi_0993","properties":{"id":"michi_0993","name":"田野駅屋","pref":"高知県"},"geometry":{"type":"Point","coordinates":[134.007839,33.430155]}},{"type":"Feature","id":"michi_0994","properties":{"id":"michi_0994","name":"大杉","pref":"高知県"},"geometry":{"type":"Point","coordinates":[133.6634,33.750923]}},{"type":"Feature","id":"michi_0995","properties":{"id":"michi_0995","name":"土佐さめうら","pref":"高知県"},"geometry":{"type":"Point","coordinates":[133.544235,33.742644]}},{"type":"Feature","id":"michi_0996","properties":{"id":"michi_0996","name":"土佐和紙工芸村","pref":"高知県"},"geometry":{"type":"Point","coordinates":[133.366191,33.573534]}},{"type":"Feature","id":"michi_0997","properties":{"id":"michi_0997","name":"木の香","pref":"高知県"},"geometry":{"type":"Point","coordinates":[133.307692,33.779824]}},{"type":"Feature","id":"michi_0998","properties":{"id":"michi_0998","name":"633美の里","pref":"高知県"},"geometry":{"type":"Point","coordinates":[133.32832,33.643674]}},{"type":"Feature","id":"michi_0999","properties":{"id":"michi_0999","name":"なかとさ","pref":"高知県"},"geometry":{"type":"Point","coordinates":[133.235246,33.322394]}},{"type":"Feature","id":"michi_1000","properties":{"id":"michi_1000","name":"ゆすはら","pref":"高知県"},"geometry":{"type":"Point","coordinates":[132.944983,33.388359]}},{"type":"Feature","id":"michi_1001","properties":{"id":"michi_1001","name":"布施ヶ坂","pref":"高知県"},"geometry":{"type":"Point","coordinates":[133.099612,33.426632]}},{"type":"Feature","id":"michi_1002","properties":{"id":"michi_1002","name":"四万十大正","pref":"高知県"},"geometry":{"type":"Point","coordinates":[132.971321,33.182567]}},{"type":"Feature","id":"michi_1003","properties":{"id":"michi_1003","name":"あぐり窪川","pref":"高知県"},"geometry":{"type":"Point","coordinates":[133.149186,33.231165]}},{"type":"Feature","id":"michi_1004","properties":{"id":"michi_1004","name":"四万十とおわ","pref":"高知県"},"geometry":{"type":"Point","coordinates":[132.835433,33.223912]}},{"type":"Feature","id":"michi_1005","properties":{"id":"michi_1005","name":"大月","pref":"高知県"},"geometry":{"type":"Point","coordinates":[132.709314,32.828752]}},{"type":"Feature","id":"michi_1006","properties":{"id":"michi_1006","name":"ビオスおおがた","pref":"高知県"},"geometry":{"type":"Point","coordinates":[133.027068,33.035077]}},{"type":"Feature","id":"michi_1007","properties":{"id":"michi_1007","name":"なぶら土佐佐賀","pref":"高知県"},"geometry":{"type":"Point","coordinates":[133.101781,33.086739]}},{"type":"Feature","id":"michi_1008","properties":{"id":"michi_1008","name":"おおむた","pref":"福岡県"},"geometry":{"type":"Point","coordinates":[130.532191,33.073248]}},{"type":"Feature","id":"michi_1009","properties":{"id":"michi_1009","name":"くるめ","pref":"福岡県"},"geometry":{"type":"Point","coordinates":[130.594211,33.319043]}},{"type":"Feature","id":"michi_1010","properties":{"id":"michi_1010","name":"たちばな","pref":"福岡県"},"geometry":{"type":"Point","coordinates":[130.610415,33.187442]}},{"type":"Feature","id":"michi_1011","properties":{"id":"michi_1011","name":"豊前おこしかけ","pref":"福岡県"},"geometry":{"type":"Point","coordinates":[131.100881,33.614137]}},{"type":"Feature","id":"michi_1012","properties":{"id":"michi_1012","name":"むなかた","pref":"福岡県"},"geometry":{"type":"Point","coordinates":[130.503451,33.848473]}},{"type":"Feature","id":"michi_1013","properties":{"id":"michi_1013","name":"うきは","pref":"福岡県"},"geometry":{"type":"Point","coordinates":[130.818166,33.334015]}},{"type":"Feature","id":"michi_1014","properties":{"id":"michi_1014","name":"うすい","pref":"福岡県"},"geometry":{"type":"Point","coordinates":[130.713259,33.563949]}},{"type":"Feature","id":"michi_1015","properties":{"id":"michi_1015","name":"原鶴","pref":"福岡県"},"geometry":{"type":"Point","coordinates":[130.784677,33.353765]}},{"type":"Feature","id":"michi_1016","properties":{"id":"michi_1016","name":"みやま","pref":"福岡県"},"geometry":{"type":"Point","coordinates":[130.48454,33.148218]}},{"type":"Feature","id":"michi_1017","properties":{"id":"michi_1017","name":"小石原","pref":"福岡県"},"geometry":{"type":"Point","coordinates":[130.825809,33.465112]}},{"type":"Feature","id":"michi_1018","properties":{"id":"michi_1018","name":"おおき","pref":"福岡県"},"geometry":{"type":"Point","coordinates":[130.437973,33.217906]}},{"type":"Feature","id":"michi_1019","properties":{"id":"michi_1019","name":"香春","pref":"福岡県"},"geometry":{"type":"Point","coordinates":[130.859982,33.67659]}},{"type":"Feature","id":"michi_1020","properties":{"id":"michi_1020","name":"歓遊舎ひこさん","pref":"福岡県"},"geometry":{"type":"Point","coordinates":[130.859957,33.549025]}},{"type":"Feature","id":"michi_1021","properties":{"id":"michi_1021","name":"いとだ","pref":"福岡県"},"geometry":{"type":"Point","coordinates":[130.764694,33.641912]}},{"type":"Feature","id":"michi_1022","properties":{"id":"michi_1022","name":"おおとう桜街道","pref":"福岡県"},"geometry":{"type":"Point","coordinates":[130.84517,33.626154]}},{"type":"Feature","id":"michi_1023","properties":{"id":"michi_1023","name":"しんよしとみ","pref":"福岡県"},"geometry":{"type":"Point","coordinates":[131.154308,33.588716]}},{"type":"Feature","id":"michi_1024","properties":{"id":"michi_1024","name":"大和","pref":"佐賀県"},"geometry":{"type":"Point","coordinates":[130.257828,33.339017]}},{"type":"Feature","id":"michi_1025","properties":{"id":"michi_1025","name":"厳木","pref":"佐賀県"},"geometry":{"type":"Point","coordinates":[130.071911,33.311119]}},{"type":"Feature","id":"michi_1026","properties":{"id":"michi_1026","name":"桃山天下市","pref":"佐賀県"},"geometry":{"type":"Point","coordinates":[129.873141,33.528533]}},{"type":"Feature","id":"michi_1027","properties":{"id":"michi_1027","name":"伊万里","pref":"佐賀県"},"geometry":{"type":"Point","coordinates":[129.928959,33.31362]}},{"type":"Feature","id":"michi_1028","properties":{"id":"michi_1028","name":"山内","pref":"佐賀県"},"geometry":{"type":"Point","coordinates":[129.956161,33.191781]}},{"type":"Feature","id":"michi_1029","properties":{"id":"michi_1029","name":"鹿島","pref":"佐賀県"},"geometry":{"type":"Point","coordinates":[130.145747,33.075016]}},{"type":"Feature","id":"michi_1030","properties":{"id":"michi_1030","name":"吉野ヶ里","pref":"佐賀県"},"geometry":{"type":"Point","coordinates":[130.397315,33.380496]}},{"type":"Feature","id":"michi_1031","properties":{"id":"michi_1031","name":"しろいし","pref":"佐賀県"},"geometry":{"type":"Point","coordinates":[130.196458,33.176871]}},{"type":"Feature","id":"michi_1032","properties":{"id":"michi_1032","name":"太良","pref":"佐賀県"},"geometry":{"type":"Point","coordinates":[130.169359,33.046989]}},{"type":"Feature","id":"michi_1033","properties":{"id":"michi_1033","name":"夕陽が丘そとめ","pref":"長崎県"},"geometry":{"type":"Point","coordinates":[129.703763,32.835899]}},{"type":"Feature","id":"michi_1034","properties":{"id":"michi_1034","name":"させぼっくす99","pref":"長崎県"},"geometry":{"type":"Point","coordinates":[129.671634,33.201501]}},{"type":"Feature","id":"michi_1035","properties":{"id":"michi_1035","name":"長崎街道鈴田峠","pref":"長崎県"},"geometry":{"type":"Point","coordinates":[130.007464,32.885378]}},{"type":"Feature","id":"michi_1036","properties":{"id":"michi_1036","name":"生月大橋","pref":"長崎県"},"geometry":{"type":"Point","coordinates":[129.433555,33.355186]}},{"type":"Feature","id":"michi_1037","properties":{"id":"michi_1037","name":"昆虫の里たびら","pref":"長崎県"},"geometry":{"type":"Point","coordinates":[129.603114,33.317708]}},{"type":"Feature","id":"michi_1038","properties":{"id":"michi_1038","name":"松浦海のふるさと館","pref":"長崎県"},"geometry":{"type":"Point","coordinates":[129.701515,33.348684]}},{"type":"Feature","id":"michi_1039","properties":{"id":"michi_1039","name":"鷹ら島","pref":"長崎県"},"geometry":{"type":"Point","coordinates":[129.782362,33.433855]}},{"type":"Feature","id":"michi_1040","properties":{"id":"michi_1040","name":"遣唐使ふるさと館","pref":"長崎県"},"geometry":{"type":"Point","coordinates":[128.690364,32.738279]}},{"type":"Feature","id":"michi_1041","properties":{"id":"michi_1041","name":"さいかい","pref":"長崎県"},"geometry":{"type":"Point","coordinates":[129.695701,33.042993]}},{"type":"Feature","id":"michi_1042","properties":{"id":"michi_1042","name":"みずなし本陣ふかえ","pref":"長崎県"},"geometry":{"type":"Point","coordinates":[130.367581,32.739702]}},{"type":"Feature","id":"michi_1043","properties":{"id":"michi_1043","name":"彼杵の荘","pref":"長崎県"},"geometry":{"type":"Point","coordinates":[129.919935,33.035851]}},{"type":"Feature","id":"michi_1044","properties":{"id":"michi_1044","name":"すいかの里 植木","pref":"熊本県"},"geometry":{"type":"Point","coordinates":[130.692874,32.907939]}},{"type":"Feature","id":"michi_1045","properties":{"id":"michi_1045","name":"坂本","pref":"熊本県"},"geometry":{"type":"Point","coordinates":[130.640938,32.426674]}},{"type":"Feature","id":"michi_1046","properties":{"id":"michi_1046","name":"みなまた","pref":"熊本県"},"geometry":{"type":"Point","coordinates":[130.381702,32.199169]}},{"type":"Feature","id":"michi_1047","properties":{"id":"michi_1047","name":"鹿北","pref":"熊本県"},"geometry":{"type":"Point","coordinates":[130.668846,33.113638]}},{"type":"Feature","id":"michi_1048","properties":{"id":"michi_1048","name":"水辺プラザかもと","pref":"熊本県"},"geometry":{"type":"Point","coordinates":[130.7559,32.987162]}},{"type":"Feature","id":"michi_1049","properties":{"id":"michi_1049","name":"旭志","pref":"熊本県"},"geometry":{"type":"Point","coordinates":[130.830272,32.931259]}},{"type":"Feature","id":"michi_1050","properties":{"id":"michi_1050","name":"七城メロンドーム","pref":"熊本県"},"geometry":{"type":"Point","coordinates":[130.770328,32.979936]}},{"type":"Feature","id":"michi_1051","properties":{"id":"michi_1051","name":"泗水","pref":"熊本県"},"geometry":{"type":"Point","coordinates":[130.771389,32.925035]}},{"type":"Feature","id":"michi_1052","properties":{"id":"michi_1052","name":"宇土マリーナ","pref":"熊本県"},"geometry":{"type":"Point","coordinates":[130.522698,32.662242]}},{"type":"Feature","id":"michi_1053","properties":{"id":"michi_1053","name":"上天草さんぱーる","pref":"熊本県"},"geometry":{"type":"Point","coordinates":[130.420142,32.577138]}},{"type":"Feature","id":"michi_1054","properties":{"id":"michi_1054","name":"不知火","pref":"熊本県"},"geometry":{"type":"Point","coordinates":[130.628711,32.633706]}},{"type":"Feature","id":"michi_1055","properties":{"id":"michi_1055","name":"うき","pref":"熊本県"},"geometry":{"type":"Point","coordinates":[130.697734,32.651194]}},{"type":"Feature","id":"michi_1056","properties":{"id":"michi_1056","name":"波野","pref":"熊本県"},"geometry":{"type":"Point","coordinates":[131.197442,32.959913]}},{"type":"Feature","id":"michi_1057","properties":{"id":"michi_1057","name":"阿蘇","pref":"熊本県"},"geometry":{"type":"Point","coordinates":[131.080917,32.937034]}},{"type":"Feature","id":"michi_1058","properties":{"id":"michi_1058","name":"有明","pref":"熊本県"},"geometry":{"type":"Point","coordinates":[130.30576,32.505519]}},{"type":"Feature","id":"michi_1059","properties":{"id":"michi_1059","name":"うしぶか海彩館","pref":"熊本県"},"geometry":{"type":"Point","coordinates":[130.026968,32.193836]}},{"type":"Feature","id":"michi_1060","properties":{"id":"michi_1060","name":"�津","pref":"熊本県"},"geometry":{"type":"Point","coordinates":[130.02528,32.316668]}},{"type":"Feature","id":"michi_1061","properties":{"id":"michi_1061","name":"美里「佐俣の湯」","pref":"熊本県"},"geometry":{"type":"Point","coordinates":[130.822704,32.623592]}},{"type":"Feature","id":"michi_1062","properties":{"id":"michi_1062","name":"きくすい","pref":"熊本県"},"geometry":{"type":"Point","coordinates":[130.602318,32.973351]}},{"type":"Feature","id":"michi_1063","properties":{"id":"michi_1063","name":"大津","pref":"熊本県"},"geometry":{"type":"Point","coordinates":[130.890813,32.881101]}},{"type":"Feature","id":"michi_1064","properties":{"id":"michi_1064","name":"小国","pref":"熊本県"},"geometry":{"type":"Point","coordinates":[131.064689,33.123101]}},{"type":"Feature","id":"michi_1065","properties":{"id":"michi_1065","name":"あそ望の郷くぎの","pref":"熊本県"},"geometry":{"type":"Point","coordinates":[131.041526,32.81851]}},{"type":"Feature","id":"michi_1066","properties":{"id":"michi_1066","name":"清和文楽邑","pref":"熊本県"},"geometry":{"type":"Point","coordinates":[131.09135,32.690643]}},{"type":"Feature","id":"michi_1067","properties":{"id":"michi_1067","name":"通潤橋","pref":"熊本県"},"geometry":{"type":"Point","coordinates":[130.991663,32.681489]}},{"type":"Feature","id":"michi_1068","properties":{"id":"michi_1068","name":"そよ風パーク","pref":"熊本県"},"geometry":{"type":"Point","coordinates":[131.163458,32.726612]}},{"type":"Feature","id":"michi_1069","properties":{"id":"michi_1069","name":"竜北","pref":"熊本県"},"geometry":{"type":"Point","coordinates":[130.694735,32.576771]}},{"type":"Feature","id":"michi_1070","properties":{"id":"michi_1070","name":"たのうら","pref":"熊本県"},"geometry":{"type":"Point","coordinates":[130.51245,32.364567]}},{"type":"Feature","id":"michi_1071","properties":{"id":"michi_1071","name":"大野温泉","pref":"熊本県"},"geometry":{"type":"Point","coordinates":[130.58215,32.289886]}},{"type":"Feature","id":"michi_1072","properties":{"id":"michi_1072","name":"芦北でこぽん","pref":"熊本県"},"geometry":{"type":"Point","coordinates":[130.508036,32.302882]}},{"type":"Feature","id":"michi_1073","properties":{"id":"michi_1073","name":"錦","pref":"熊本県"},"geometry":{"type":"Point","coordinates":[130.845164,32.20587]}},{"type":"Feature","id":"michi_1074","properties":{"id":"michi_1074","name":"子守唄の里 五木","pref":"熊本県"},"geometry":{"type":"Point","coordinates":[130.826733,32.399317]}},{"type":"Feature","id":"michi_1075","properties":{"id":"michi_1075","name":"佐賀関","pref":"大分県"},"geometry":{"type":"Point","coordinates":[131.82843,33.247211]}},{"type":"Feature","id":"michi_1076","properties":{"id":"michi_1076","name":"やまくに","pref":"大分県"},"geometry":{"type":"Point","coordinates":[131.061468,33.406373]}},{"type":"Feature","id":"michi_1077","properties":{"id":"michi_1077","name":"耶馬トピア","pref":"大分県"},"geometry":{"type":"Point","coordinates":[131.174536,33.489841]}},{"type":"Feature","id":"michi_1078","properties":{"id":"michi_1078","name":"なかつ","pref":"大分県"},"geometry":{"type":"Point","coordinates":[131.214106,33.55161]}},{"type":"Feature","id":"michi_1079","properties":{"id":"michi_1079","name":"せせらぎ郷かみつえ","pref":"大分県"},"geometry":{"type":"Point","coordinates":[130.961936,33.112561]}},{"type":"Feature","id":"michi_1080","properties":{"id":"michi_1080","name":"鯛生金山","pref":"大分県"},"geometry":{"type":"Point","coordinates":[130.882621,33.129157]}},{"type":"Feature","id":"michi_1081","properties":{"id":"michi_1081","name":"水辺の郷おおやま","pref":"大分県"},"geometry":{"type":"Point","coordinates":[130.972093,33.24791]}},{"type":"Feature","id":"michi_1082","properties":{"id":"michi_1082","name":"宇目","pref":"大分県"},"geometry":{"type":"Point","coordinates":[131.610396,32.803732]}},{"type":"Feature","id":"michi_1083","properties":{"id":"michi_1083","name":"やよい","pref":"大分県"},"geometry":{"type":"Point","coordinates":[131.838684,32.964569]}},{"type":"Feature","id":"michi_1084","properties":{"id":"michi_1084","name":"かまえ","pref":"大分県"},"geometry":{"type":"Point","coordinates":[131.924318,32.801772]}},{"type":"Feature","id":"michi_1085","properties":{"id":"michi_1085","name":"竹田","pref":"大分県"},"geometry":{"type":"Point","coordinates":[131.340468,32.985585]}},{"type":"Feature","id":"michi_1086","properties":{"id":"michi_1086","name":"ながゆ温泉","pref":"大分県"},"geometry":{"type":"Point","coordinates":[131.38307,33.071666]}},{"type":"Feature","id":"michi_1087","properties":{"id":"michi_1087","name":"すごう","pref":"大分県"},"geometry":{"type":"Point","coordinates":[131.294106,32.956639]}},{"type":"Feature","id":"michi_1088","properties":{"id":"michi_1088","name":"いんない","pref":"大分県"},"geometry":{"type":"Point","coordinates":[131.320207,33.423818]}},{"type":"Feature","id":"michi_1089","properties":{"id":"michi_1089","name":"原尻の滝","pref":"大分県"},"geometry":{"type":"Point","coordinates":[131.4522,32.965666]}},{"type":"Feature","id":"michi_1090","properties":{"id":"michi_1090","name":"あさじ","pref":"大分県"},"geometry":{"type":"Point","coordinates":[131.448073,33.002562]}},{"type":"Feature","id":"michi_1091","properties":{"id":"michi_1091","name":"きよかわ","pref":"大分県"},"geometry":{"type":"Point","coordinates":[131.518011,32.971563]}},{"type":"Feature","id":"michi_1092","properties":{"id":"michi_1092","name":"みえ","pref":"大分県"},"geometry":{"type":"Point","coordinates":[131.621548,33.02869]}},{"type":"Feature","id":"michi_1093","properties":{"id":"michi_1093","name":"おおの","pref":"大分県"},"geometry":{"type":"Point","coordinates":[131.502906,33.036253]}},{"type":"Feature","id":"michi_1094","properties":{"id":"michi_1094","name":"ゆふいん","pref":"大分県"},"geometry":{"type":"Point","coordinates":[131.327088,33.260646]}},{"type":"Feature","id":"michi_1095","properties":{"id":"michi_1095","name":"くにさき","pref":"大分県"},"geometry":{"type":"Point","coordinates":[131.739729,33.545662]}},{"type":"Feature","id":"michi_1096","properties":{"id":"michi_1096","name":"くにみ","pref":"大分県"},"geometry":{"type":"Point","coordinates":[131.605745,33.680502]}},{"type":"Feature","id":"michi_1097","properties":{"id":"michi_1097","name":"童話の里 くす","pref":"大分県"},"geometry":{"type":"Point","coordinates":[131.156932,33.289337]}},{"type":"Feature","id":"michi_1098","properties":{"id":"michi_1098","name":"慈恩の滝 くす","pref":"大分県"},"geometry":{"type":"Point","coordinates":[131.068506,33.265953]}},{"type":"Feature","id":"michi_1099","properties":{"id":"michi_1099","name":"高岡","pref":"宮崎県"},"geometry":{"type":"Point","coordinates":[131.340555,31.945737]}},{"type":"Feature","id":"michi_1100","properties":{"id":"michi_1100","name":"田野","pref":"宮崎県"},"geometry":{"type":"Point","coordinates":[131.306943,31.796218]}},{"type":"Feature","id":"michi_1101","properties":{"id":"michi_1101","name":"フェニックス","pref":"宮崎県"},"geometry":{"type":"Point","coordinates":[131.478425,31.768983]}},{"type":"Feature","id":"michi_1102","properties":{"id":"michi_1102","name":"山之口","pref":"宮崎県"},"geometry":{"type":"Point","coordinates":[131.202615,31.79442]}},{"type":"Feature","id":"michi_1103","properties":{"id":"michi_1103","name":"都城","pref":"宮崎県"},"geometry":{"type":"Point","coordinates":[131.095148,31.76867]}},{"type":"Feature","id":"michi_1104","properties":{"id":"michi_1104","name":"北川はゆま","pref":"宮崎県"},"geometry":{"type":"Point","coordinates":[131.704594,32.666036]}},{"type":"Feature","id":"michi_1105","properties":{"id":"michi_1105","name":"北浦","pref":"宮崎県"},"geometry":{"type":"Point","coordinates":[131.800904,32.684792]}},{"type":"Feature","id":"michi_1106","properties":{"id":"michi_1106","name":"北方よっちみろ屋","pref":"宮崎県"},"geometry":{"type":"Point","coordinates":[131.49193,32.595757]}},{"type":"Feature","id":"michi_1107","properties":{"id":"michi_1107","name":"酒谷","pref":"宮崎県"},"geometry":{"type":"Point","coordinates":[131.266243,31.641714]}},{"type":"Feature","id":"michi_1108","properties":{"id":"michi_1108","name":"なんごう","pref":"宮崎県"},"geometry":{"type":"Point","coordinates":[131.378932,31.503058]}},{"type":"Feature","id":"michi_1109","properties":{"id":"michi_1109","name":"ゆ〜ぱるのじり","pref":"宮崎県"},"geometry":{"type":"Point","coordinates":[131.08228,31.964384]}},{"type":"Feature","id":"michi_1110","properties":{"id":"michi_1110","name":"とうごう","pref":"宮崎県"},"geometry":{"type":"Point","coordinates":[131.513581,32.391369]}},{"type":"Feature","id":"michi_1111","properties":{"id":"michi_1111","name":"日向","pref":"宮崎県"},"geometry":{"type":"Point","coordinates":[131.624044,32.343361]}},{"type":"Feature","id":"michi_1112","properties":{"id":"michi_1112","name":"えびの","pref":"宮崎県"},"geometry":{"type":"Point","coordinates":[130.805598,32.050182]}},{"type":"Feature","id":"michi_1113","properties":{"id":"michi_1113","name":"つの","pref":"宮崎県"},"geometry":{"type":"Point","coordinates":[131.558035,32.260301]}},{"type":"Feature","id":"michi_1114","properties":{"id":"michi_1114","name":"高千穂","pref":"宮崎県"},"geometry":{"type":"Point","coordinates":[131.300435,32.708443]}},{"type":"Feature","id":"michi_1115","properties":{"id":"michi_1115","name":"青雲橋","pref":"宮崎県"},"geometry":{"type":"Point","coordinates":[131.388496,32.66064]}},{"type":"Feature","id":"michi_1116","properties":{"id":"michi_1116","name":"喜入","pref":"鹿児島県"},"geometry":{"type":"Point","coordinates":[130.545172,31.378962]}},{"type":"Feature","id":"michi_1117","properties":{"id":"michi_1117","name":"桜島","pref":"鹿児島県"},"geometry":{"type":"Point","coordinates":[130.598804,31.589374]}},{"type":"Feature","id":"michi_1118","properties":{"id":"michi_1118","name":"阿久根","pref":"鹿児島県"},"geometry":{"type":"Point","coordinates":[130.216475,31.94592]}},{"type":"Feature","id":"michi_1119","properties":{"id":"michi_1119","name":"いぶすき","pref":"鹿児島県"},"geometry":{"type":"Point","coordinates":[130.590044,31.302215]}},{"type":"Feature","id":"michi_1120","properties":{"id":"michi_1120","name":"山川港活お海道","pref":"鹿児島県"},"geometry":{"type":"Point","coordinates":[130.634914,31.203017]}},{"type":"Feature","id":"michi_1121","properties":{"id":"michi_1121","name":"たるみず","pref":"鹿児島県"},"geometry":{"type":"Point","coordinates":[130.744565,31.558788]}},{"type":"Feature","id":"michi_1122","properties":{"id":"michi_1122","name":"たるみずはまびら","pref":"鹿児島県"},"geometry":{"type":"Point","coordinates":[130.698057,31.468612]}},{"type":"Feature","id":"michi_1123","properties":{"id":"michi_1123","name":"樋脇","pref":"鹿児島県"},"geometry":{"type":"Point","coordinates":[130.407368,31.796446]}},{"type":"Feature","id":"michi_1124","properties":{"id":"michi_1124","name":"おおすみ弥五郎伝説の里","pref":"鹿児島県"},"geometry":{"type":"Point","coordinates":[130.991067,31.593119]}},{"type":"Feature","id":"michi_1125","properties":{"id":"michi_1125","name":"たからべ","pref":"鹿児島県"},"geometry":{"type":"Point","coordinates":[130.998703,31.728704]}},{"type":"Feature","id":"michi_1126","properties":{"id":"michi_1126","name":"すえよし","pref":"鹿児島県"},"geometry":{"type":"Point","coordinates":[130.970344,31.688333]}},{"type":"Feature","id":"michi_1127","properties":{"id":"michi_1127","name":"霧島","pref":"鹿児島県"},"geometry":{"type":"Point","coordinates":[130.851291,31.863242]}},{"type":"Feature","id":"michi_1128","properties":{"id":"michi_1128","name":"きんぽう木花館","pref":"鹿児島県"},"geometry":{"type":"Point","coordinates":[130.345562,31.465425]}},{"type":"Feature","id":"michi_1129","properties":{"id":"michi_1129","name":"松山","pref":"鹿児島県"},"geometry":{"type":"Point","coordinates":[131.042414,31.581588]}},{"type":"Feature","id":"michi_1130","properties":{"id":"michi_1130","name":"奄美大島住用","pref":"鹿児島県"},"geometry":{"type":"Point","coordinates":[129.408837,28.259644]}},{"type":"Feature","id":"michi_1131","properties":{"id":"michi_1131","name":"川辺やすらぎの郷","pref":"鹿児島県"},"geometry":{"type":"Point","coordinates":[130.432897,31.412734]}},{"type":"Feature","id":"michi_1132","properties":{"id":"michi_1132","name":"長島","pref":"鹿児島県"},"geometry":{"type":"Point","coordinates":[130.109239,32.161696]}},{"type":"Feature","id":"michi_1133","properties":{"id":"michi_1133","name":"黒之瀬戸だんだん市場","pref":"鹿児島県"},"geometry":{"type":"Point","coordinates":[130.170919,32.108278]}},{"type":"Feature","id":"michi_1134","properties":{"id":"michi_1134","name":"くにの松原おおさき","pref":"鹿児島県"},"geometry":{"type":"Point","coordinates":[131.030758,31.43782]}},{"type":"Feature","id":"michi_1135","properties":{"id":"michi_1135","name":"野方あらさの","pref":"鹿児島県"},"geometry":{"type":"Point","coordinates":[130.9242,31.50002]}},{"type":"Feature","id":"michi_1136","properties":{"id":"michi_1136","name":"錦江にしきの里","pref":"鹿児島県"},"geometry":{"type":"Point","coordinates":[130.792437,31.273659]}},{"type":"Feature","id":"michi_1137","properties":{"id":"michi_1137","name":"根占","pref":"鹿児島県"},"geometry":{"type":"Point","coordinates":[130.767315,31.185538]}},{"type":"Feature","id":"michi_1138","properties":{"id":"michi_1138","name":"許田","pref":"沖縄県"},"geometry":{"type":"Point","coordinates":[127.96932,26.552069]}},{"type":"Feature","id":"michi_1139","properties":{"id":"michi_1139","name":"いとまん","pref":"沖縄県"},"geometry":{"type":"Point","coordinates":[127.661156,26.138496]}},{"type":"Feature","id":"michi_1140","properties":{"id":"michi_1140","name":"豊崎","pref":"沖縄県"},"geometry":{"type":"Point","coordinates":[127.655333,26.157695]}},{"type":"Feature","id":"michi_1141","properties":{"id":"michi_1141","name":"ゆいゆい国頭","pref":"沖縄県"},"geometry":{"type":"Point","coordinates":[128.169362,26.73198]}},{"type":"Feature","id":"michi_1142","properties":{"id":"michi_1142","name":"おおぎみ","pref":"沖縄県"},"geometry":{"type":"Point","coordinates":[128.108114,26.690321]}},{"type":"Feature","id":"michi_1143","properties":{"id":"michi_1143","name":"ぎのざ","pref":"沖縄県"},"geometry":{"type":"Point","coordinates":[127.952328,26.473874]}},{"type":"Feature","id":"michi_1144","properties":{"id":"michi_1144","name":"喜名番所","pref":"沖縄県"},"geometry":{"type":"Point","coordinates":[127.758204,26.399342]}},{"type":"Feature","id":"michi_1145","properties":{"id":"michi_1145","name":"かでな","pref":"沖縄県"},"geometry":{"type":"Point","coordinates":[127.774148,26.368112]}}]}